performer_name,total_notable_works,first_notoriety_date,latest_notoriety_date,genres,years_active_span,is_oceanus_folk_artist
Orla Seabloom,7,2029,2029,Oceanus Folk,0,True
Kimberly Snyder,5,2023,2024,"Dream Pop, Synthwave",1,False
Gang Chen,5,2013,2027,"Desert Rock, Dream Pop, Jazz Surf Rock, Post-Apocalyptic Folk, Synthwave",14,False
Copper Canyon Ghosts,5,2034,2035,Oceanus Folk,1,True
Kelly Stewart,4,2023,2024,"Dream Pop, Synthwave",1,False
Yang Cui,4,2013,2026,"Dream Pop, Psychedelic Rock",13,False
Urszula Stochmal,4,2004,2017,"Indie Pop, Southern Gothic Rock",13,False
Yong Fu,4,2013,2026,"Doom Metal, Dream Pop, Indie Folk",13,False
Rachel Jackson,4,2023,2028,"Dream Pop, Synthwave",5,False
Yang Zhao,4,2004,2018,"Dream Pop, Indie Folk, Synthwave",14,False
Lei Liao,4,2007,2027,"Alternative Rock, Indie Folk, Lo-Fi Electronica",20,False
Daniel O'Connell,4,2031,2031,Oceanus Folk,0,True
Miki Hayashi,4,1994,2023,"Americana, Doom Metal, Indie Folk",29,False
Juan Shi,4,2003,2026,"Jazz Surf Rock, Space Rock, Synthwave",23,False
Lei Duan,4,1991,2023,"Avant-Garde Folk, Desert Rock, Dream Pop, Indie Folk",32,False
Lei Yuan,4,2013,2036,"Americana, Dream Pop, Space Rock, Synthwave",13,False
Regina Hesse,4,2010,2017,"Doom Metal, Dream Pop, Indie Folk, Synthwave",7,False
Qiang Tang,4,2010,2029,"Doom Metal, Dream Pop, Indie Folk",19,False
Rüdiger Graf,4,2026,2026,"Dream Pop, Jazz Surf Rock, Space Rock",0,False
Beatrice Albright,4,2031,2031,Oceanus Folk,0,True
Matthew Hancock,4,2007,2014,Dream Pop,7,False
Kimberly Castillo,4,2010,2025,"Doom Metal, Dream Pop, Symphonic Metal",18,False
Ping Meng,4,2011,2028,"Dream Pop, Lo-Fi Electronica, Oceanus Folk",17,True
Brian Wright,4,1989,2010,Speed Metal,21,False
Shannon Gordon,3,1996,2024,"Blues Rock, Doom Metal, Symphonic Metal",28,False
Fang Zou,3,2010,2029,"Desert Rock, Dream Pop",19,False
John Anderson,3,2023,2023,"Dream Pop, Synthwave",0,False
Yang Chang,3,2010,2029,"Darkwave, Dream Pop, Synthwave",19,False
Jing Kang,3,2013,2024,"Doom Metal, Dream Pop, Lo-Fi Electronica",11,False
Angelika Osojca,3,2010,2022,"Avant-Garde Folk, Lo-Fi Electronica",12,False
Angelina Dallapé-Brunelleschi,3,2008,2010,"Alternative Rock, Dream Pop",2,False
Borys Kościk,3,1997,2010,"Dream Pop, Indie Folk, Jazz Surf Rock",13,False
Megan Bennett,3,1995,2010,Speed Metal,15,False
Yan Qin,3,2013,2017,"Doom Metal, Dream Pop, Synthwave",4,False
Juan Li,3,2010,2017,"Lo-Fi Electronica, Synthwave",7,False
Yan Lin,3,2021,2030,"Jazz Surf Rock, Synthwave",3,False
Xiuying Qiu,3,2023,2033,"Darkwave, Indie Folk",5,False
Xiuying Yuan,3,2021,2030,"Indie Folk, Synthwave",10,False
Na Wei,3,2017,2030,"Dream Pop, Indie Folk, Jazz Surf Rock",13,False
Tao Xie,3,2024,2030,"Doom Metal, Jazz Surf Rock, Synthwave",9,False
Gang Zhao,3,1993,2025,"Jazz Surf Rock, Speed Metal",32,False
Yang Peng,3,2000,2024,"Psychedelic Rock, Synthwave",24,False
Li Yang,3,2010,2023,"Americana, Indie Folk, Synthwave",13,False
Quattro Voci,3,2009,2017,"Emo/Pop Punk, Southern Gothic Rock",8,False
Lucrezia Zamengo,3,2008,2013,"Alternative Rock, Dream Pop",5,False
Li Zheng,3,2021,2025,"Alternative Rock, Dream Pop",4,False
Michelotto Comisso,3,2008,2010,"Alternative Rock, Dream Pop",2,False
Ping Tian,3,2010,2015,"Alternative Rock, Dream Pop, Lo-Fi Electronica",5,False
Roy Tschentscher,3,2023,2028,"Dream Pop, Synthwave",5,False
Jay Walters,3,1992,2017,"Indie Pop, Southern Gothic Rock",25,False
Gianfranco Falier,3,2010,2025,"Doom Metal, Dream Pop",18,False
Radical Syntax,3,2013,2025,"Doom Metal, Dream Pop, Symphonic Metal",12,False
Dariusz Olszowa,2,2004,2017,Alternative Rock,13,False
Monica Brown,2,2010,2024,"Dream Pop, Indie Folk",14,False
Chao Tian,2,2002,2029,"Dream Pop, Synthwave",27,False
Chao Shen,2,2020,2025,"Americana, Indie Rock",5,False
Min Lei,2,2007,2026,"Blues Rock, Dream Pop",19,False
Min Mo,2,2010,2017,"Americana, Indie Rock",7,False
Xia Cui,2,2026,2029,"Darkwave, Oceanus Folk",3,True
Juan Kang,2,2019,2020,"Americana, Dream Pop",1,False
Jun Fang,2,2020,2023,"Doom Metal, Indie Folk",3,False
The Wandering Pulse,2,2009,2013,"Alternative Rock, Dream Pop",4,False
Juan Duan,2,2016,2026,"Doom Metal, Indie Folk",10,False
Karl-August Beyer,2,2023,2028,Dream Pop,5,False
Ming Zeng,2,2028,2028,"Darkwave, Post-Apocalyptic Folk",0,False
The Seekers,2,2004,2007,Doom Metal,3,False
Na Cui,2,2013,2022,"Doom Metal, Synthwave",9,False
Denise White,2,2023,2024,"Dream Pop, Synthwave",1,False
Min Hu,2,2010,2025,"Indie Folk, Jazz Surf Rock",15,False
Dennis Bush,2,1994,2007,"Americana, Doom Metal",13,False
Min He,2,2023,2027,"Americana, Jazz Surf Rock",4,False
Na Ma,2,2011,2013,Lo-Fi Electronica,2,False
Na Mao,2,2017,2021,"Doom Metal, Indie Folk",4,False
Daniël Reijers,2,2019,2023,"Indie Rock, Lo-Fi Electronica",4,False
Tina Raymond,2,2013,2029,"Dream Pop, Indie Folk",6,False
Tina Hobbs,2,2023,2023,"Dream Pop, Synthwave",0,False
Min Pan,2,2020,2023,"Americana, Speed Metal",3,False
Jun Dai,2,2025,2029,"Dream Pop, Jazz Surf Rock",4,False
Wei Kang,2,2017,2030,"Alternative Rock, Dream Pop",13,False
Jun Jiang,2,2017,2028,"Indie Rock, Space Rock",11,False
Tao Ye,2,2013,2015,"Doom Metal, Indie Folk",2,False
Ming Long,2,2007,2013,"Jazz Surf Rock, Synthwave",6,False
Cristian Bonilla,2,2013,2026,"Space Rock, Synthwave",13,False
Jun Liang,2,2026,2029,"Avant-Garde Folk, Dream Pop",3,False
Christopher Davis,2,2004,2004,"Americana, Indie Folk",0,False
Julie Reynolds,2,2024,2025,Dream Pop,1,False
Ming Ren,2,2007,2023,"Americana, Doom Metal",16,False
Christine Gonzales,2,2024,2024,"Dream Pop, Psychedelic Rock",0,False
Cynthia Dixon,2,2017,2024,"Indie Folk, Jazz Surf Rock",7,False
Min Zhao,2,2020,2023,"Americana, Lo-Fi Electronica",3,False
Wei Wang,2,2020,2021,"Dream Pop, Space Rock",1,False
Ming Wan,2,2019,2025,"Dream Pop, Oceanus Folk",9,True
Min Yin,2,2026,2026,"Jazz Surf Rock, Space Rock",0,False
Wei Zhang,2,1994,2024,"Dream Pop, Synthwave",30,False
Min Xiong,2,2022,2023,"Oceanus Folk, Symphonic Metal",1,True
Jun Yin,2,2014,2026,Dream Pop,12,False
Ming Xiang,2,2023,2028,"Indie Folk, Post-Apocalyptic Folk",5,False
Juan Xiao,2,2017,2028,"Americana, Space Rock",11,False
Wei Gu,2,2027,2030,"Desert Rock, Jazz Surf Rock",3,False
Chao Yi,2,2013,2017,Indie Folk,4,False
Tao Yin,2,2013,2029,"Americana, Oceanus Folk",16,True
Twilight Riders,2,2023,2024,"Dream Pop, Synthwave",1,False
Tao Yang,2,2016,2029,Dream Pop,13,False
Guiying Hou,2,2002,2023,"Southern Gothic Rock, Speed Metal",21,False
Jie Gu,2,2023,2028,"Jazz Surf Rock, Synthwave",5,False
Gang Shen,2,2017,2024,"Indie Rock, Synthwave",7,False
Scott Snyder,2,2007,2018,Lo-Fi Electronica,11,False
Jie Cai,2,2013,2029,"Dream Pop, Indie Rock",16,False
Gang Zheng,2,2013,2017,"Doom Metal, Synthwave",4,False
Jessica Peck,2,2011,2030,"Alternative Rock, Lo-Fi Electronica",19,False
Gerald Mullins,2,2023,2024,"Dream Pop, Synthwave",1,False
Ping Shao,2,2023,2027,"Oceanus Folk, Synthwave",4,True
Jason Jordan,2,2023,2024,"Dream Pop, Synthwave",1,False
Ping Xiang,2,2014,2029,"Desert Rock, Dream Pop",15,False
Ping Xu,2,2014,2030,"Americana, Dream Pop",16,False
Ping Yao,2,1993,2026,"Dream Pop, Speed Metal",33,False
Ping Yuan,2,2015,2024,"Indie Folk, Psychedelic Rock",9,False
Guiying Gao,2,2023,2026,"Dream Pop, Synthwave",3,False
Preset Protocol,2,2012,2022,Alternative Rock,10,False
Gang Cui,2,2010,2010,Dream Pop,0,False
Pulse Collective,2,2024,2024,"Dream Pop, Psychedelic Rock",0,False
Guiying Qin,2,2010,2010,Dream Pop,0,False
Guiying Shi,2,2026,2026,"Jazz Surf Rock, Space Rock",0,False
Robert Knight,2,1994,2007,"Americana, Doom Metal",13,False
Guiying Tian,2,2013,2022,"Americana, Symphonic Metal",9,False
Robert Garcia,2,2023,2023,"Dream Pop, Synthwave",0,False
Guiying Yan,2,2025,2032,"Doom Metal, Symphonic Metal",4,False
Qiang Lai,2,2019,2027,"Oceanus Folk, Synthwave",11,True
Qiang Lu,2,2013,2027,"Space Rock, Synthwave",14,False
Qiang Pan,2,2026,2029,"Dream Pop, Space Rock",3,False
Hans-Theo Eckbauer-Dehmel,2,2010,2010,Indie Folk,0,False
Razor's Lament,2,2023,2026,"Indie Folk, Indie Rock",3,False
Horst Barkholz,2,2004,2007,Doom Metal,3,False
Helen Simon,2,2010,2020,Dream Pop,10,False
Gang Fan,2,2013,2030,Dream Pop,17,False
Jie Yan,2,2025,2028,"Dream Pop, Symphonic Metal",3,False
Na Ren,2,2018,2029,"Jazz Surf Rock, Oceanus Folk",11,True
Estación Sonora,2,2013,2017,Indie Folk,4,False
Na Xiao,2,2022,2031,"Dream Pop, Psychedelic Rock",7,False
Tao Huang,2,2022,2026,"Dream Pop, Synthpop",4,False
Tao Hu,2,2029,2033,"Blues Rock, Dream Pop",9,False
Tao Gao,2,2020,2023,"Americana, Avant-Garde Folk",3,False
Na Zou,2,2029,2029,"Desert Rock, Dream Pop",3,False
Tao Cui,2,2029,2029,"Desert Rock, Dream Pop",0,False
Tao Bai,2,2004,2016,"Doom Metal, Dream Pop",12,False
Ellen Ford,2,2022,2029,Indie Pop,4,False
Narrow Passages,2,2017,2018,"Indie Folk, Space Rock",1,False
Nathalie Jacquot,2,2017,2024,"Dream Pop, Indie Folk",7,False
Nathalie Legrand,2,1997,2000,Dream Pop,3,False
Szymon Pyć,2,2010,2011,"Blues Rock, Indie Pop",1,False
Kathryn Ward,2,2024,2025,Dream Pop,1,False
Susan Edwards,2,2013,2026,"Americana, Doom Metal",13,False
Jing Yi,2,2007,2013,"Dream Pop, Synthwave",6,False
Fredo Grossi,2,2023,2026,"Indie Folk, Indie Rock",3,False
Ewelina Jeszke,2,1984,1993,"Blues Rock, Indie Pop",9,False
Jing Tian,2,2014,2028,"Dream Pop, Space Rock",14,False
Fang Chen,2,2024,2025,"Alternative Rock, Synthwave",1,False
Fang Ding,2,2007,2015,"Indie Folk, Synthwave",8,False
Fang Gao,2,2004,2028,"Dream Pop, Psychedelic Rock",24,False
Fang Jiang,2,2022,2023,"Dream Pop, Indie Folk",1,False
Stacy Watts,2,2013,2020,"Americana, Dream Pop",7,False
Olga Kosałka,2,2010,2014,Indie Pop,4,False
Fang Su,2,2013,2021,"Space Rock, Synthwave",8,False
Fang Tao,2,2022,2031,"Dream Pop, Psychedelic Rock",7,False
Sonic Renegade,2,2023,2024,Synthwave,1,False
Sly Notion,2,2017,2024,"Dream Pop, Indie Folk",7,False
Jing Guo,2,2029,2030,"Alternative Rock, Desert Rock",1,False
Franck Prévost de la Bertrand,2,1999,2020,"Dream Pop, Synthwave",21,False
Xia Li,2,2023,2028,"Dream Pop, Synthwave",5,False
Hinrich Weimer,2,2023,2023,"Dream Pop, Synthwave",0,False
Li Jin,2,2027,2028,"Americana, Dream Pop",1,False
Xiulan Zheng,2,2023,2033,"Americana, Indie Folk",3,False
Kendra Rivera,2,2010,2014,"Dream Pop, Synthwave",4,False
Lei Qin,2,2020,2021,"Dream Pop, Space Rock",1,False
Lei Yang,2,2010,2014,"Dream Pop, Synthwave",4,False
Lei Cai,2,2018,2019,"Lo-Fi Electronica, Space Rock",1,False
Lei Qiu,2,2020,2036,"Dream Pop, Indie Folk",9,False
Yong Yao,2,2026,2027,"Alternative Rock, Post-Apocalyptic Folk",1,False
Lori Hall,2,1999,2026,"Blues Rock, Southern Gothic Rock",27,False
Marcus Spence,2,1998,2017,Indie Pop,19,False
Leandro Artigas Benítez,2,2017,2018,"Indie Folk, Space Rock",1,False
Lei Xue,2,2026,2029,"Dream Pop, Space Rock",3,False
Li Tang,2,2013,2022,Desert Rock,9,False
Li Jia,2,2013,2026,"Doom Metal, Dream Pop",13,False
Michael Gomez,2,2007,2029,"Doom Metal, Dream Pop",22,False
Xiulan Liu,2,2007,2020,"Americana, Indie Folk",13,False
Arnaude Joseph-Lacombe,2,2017,2024,"Dream Pop, Indie Folk",7,False
Lei Sun,2,2017,2017,"Indie Folk, Synthwave",0,False
Arsenio Saraceno-Mercati,2,2024,2025,"Dream Pop, Symphonic Metal",1,False
Melanie Jimenez,2,1997,2004,"Alternative Rock, Synthwave",7,False
Xiuying Dai,2,2013,2022,"Desert Rock, Indie Folk",9,False
Marilyn Moore,2,2013,2026,"Americana, Doom Metal",13,False
Melinda Gregory,2,2007,2023,Americana,16,False
Konrad Goss,2,2004,2009,"Indie Pop, Southern Gothic Rock",5,False
Li Luo,2,2002,2021,"Indie Folk, Speed Metal",19,False
Xiulan Lai,2,2010,2028,"Dream Pop, Indie Rock",18,False
Yang He,2,2029,2031,"Dream Pop, Psychedelic Rock",11,False
Antonietta Ceravolo-Condoleo,2,2023,2026,"Indie Folk, Indie Rock",3,False
Yong Zheng,2,2007,2012,"Alternative Rock, Avant-Garde Folk",5,False
Yang Luo,2,2017,2026,"Doom Metal, Synthwave",9,False
Li Zeng,2,2017,2018,"Indie Folk, Space Rock",1,False
Lei Jia,2,2010,2028,Dream Pop,18,False
Lisa Lopez,2,2007,2024,"Dream Pop, Psychedelic Rock",17,False
Lei Hu,2,2020,2025,"Americana, Jazz Surf Rock",5,False
Margaud Chevallier,2,2017,2024,"Dream Pop, Indie Folk",7,False
Yasmin Verschut,2,2012,2022,Alternative Rock,10,False
Lei Gong,2,2014,2017,"Indie Folk, Psychedelic Rock",3,False
Yan Xiong,2,2017,2028,"Space Rock, Synthwave",11,False
Leyla Graf-Gotthard,2,2020,2023,"Indie Folk, Synthwave",3,False
Belinda Knappe,2,2004,2007,Doom Metal,3,False
Zachary Francis,2,2023,2024,"Americana, Psychedelic Rock",1,False
Luminous Fracture,2,2023,2023,"Dream Pop, Synthwave",0,False
Min Cao,2,2000,2003,Synthwave,3,False
Benoît-Zacharie Gilbert,2,2017,2024,"Dream Pop, Indie Folk",7,False
Xiuying Li,2,2029,2029,"Dream Pop, Oceanus Folk",0,True
Lei Fu,2,2028,2028,"Dream Pop, Space Rock",0,False
Yong Deng,2,2019,2026,"Lo-Fi Electronica, Space Rock",7,False
Yan Yuan,2,2023,2024,"Americana, Doom Metal",1,False
Carolyn Donovan,2,2014,2024,Alternative Rock,10,False
Xiulan Yan,2,2024,2029,"Doom Metal, Dream Pop",2,False
Aimée van Dijk,2,2007,2020,Psychedelic Rock,13,False
Yang Lai,2,2010,2017,"Indie Folk, Synthwave",7,False
Lei Zhou,2,2020,2023,"Americana, Dream Pop",3,False
Yong Zhu,2,2013,2024,"Jazz Surf Rock, Synthwave",11,False
Angelina Sölzer,2,2023,2028,Dream Pop,5,False
Li Li,2,2023,2027,"Americana, Oceanus Folk",4,True
Xiulan Zeng,2,2018,2026,"Indie Rock, Lo-Fi Electronica",8,False
Perry Lopez,1,2017,2017,Doom Metal,0,False
Min Guo,1,2026,2026,Dream Pop,0,False
Peter Haering,1,2013,2013,Doom Metal,0,False
Peter Jacobi Jäckel,1,2025,2025,Desert Rock,0,False
Peter Johnson,1,2024,2024,Psychedelic Rock,0,False
Marc Arroyo,1,2025,2025,Symphonic Metal,0,False
Phantom Resonance,1,2029,2029,Darkwave,0,False
Marcel Derek,1,1996,1996,Synthwave,0,False
Pier Pavone-Cignaroli,1,2013,2013,Doom Metal,0,False
Manuel Morrison,1,2029,2029,Lo-Fi Electronica,0,False
Pihu Gulati,1,2016,2016,Alternative Rock,0,False
Ping Cai,1,2029,2029,Dream Pop,0,False
Maik Mude,1,1984,1984,Blues Rock,0,False
Ping Chang,1,2037,2037,Oceanus Folk,0,True
Phantom Roots,1,2007,2007,Synthwave,0,False
Patricia Pope,1,2027,2027,Oceanus Folk,0,True
Peripheral Circuit,1,2004,2004,Blues Rock,0,False
Peggy Krebs,1,2017,2017,Indie Folk,0,False
Nirvi Chahal,1,2007,2007,Dream Pop,0,False
Nishith Sachar,1,2016,2016,Dream Pop,0,False
Norma Huff,1,2023,2023,Dream Pop,0,False
Ochre,1,2010,2010,Doom Metal,0,False
Margaret Vargas,1,2023,2023,Dream Pop,0,False
Marek Oleksa,1,2013,2013,Southern Gothic Rock,0,False
Mareen Schacht,1,1994,1994,Avant-Garde Folk,0,False
Olivia Ortega Bermejo,1,2024,2024,Darkwave,0,False
Orhan Krein,1,2010,2010,Indie Folk,0,False
Osamu Yamashita,1,2017,2017,Dream Pop,0,False
Ottavio Barcella-Ritacca,1,2024,2024,Psychedelic Rock,0,False
Paca Ema Mosquera Cepeda,1,1992,1992,Dream Pop,0,False
Pamela Chan,1,2007,2007,Indie Rock,0,False
Pamela Crane,1,2022,2022,Psychedelic Rock,0,False
Pamela Mitchell,1,2032,2032,Symphonic Metal,0,False
Marco Kusch,1,2025,2025,Symphonic Metal,0,False
Paolo Gotthard,1,2024,2024,Psychedelic Rock,0,False
Pari Chand,1,2017,2017,Indie Folk,0,False
Pari Sharaf,1,2004,2004,Synthwave,0,False
Ping Ding,1,2021,2021,Doom Metal,0,False
Patrick Howard,1,2024,2024,Dream Pop,0,False
Patrick Thompson,1,2024,2024,Dream Pop,0,False
Paul Sanders,1,2024,2024,Dream Pop,0,False
Marcelina Wochnik,1,1997,1997,Dream Pop,0,False
Paula Mercado,1,1987,1987,Blues Rock,0,False
Paula Wilson,1,2029,2029,Darkwave,0,False
Pavlína Macháčková,1,2002,2002,Southern Gothic Rock,0,False
Paweł Gęca,1,2018,2018,Dream Pop,0,False
Pedro Mitschke,1,2025,2025,Darkwave,0,False
Ping Deng,1,2025,2025,Dream Pop,0,False
Madeleine Raymond,1,1997,1997,Darkwave,0,False
Mai Sato,1,2029,2029,Indie Folk,0,False
Ping Dong,1,2020,2020,Dream Pop,0,False
Qiang Liang,1,2016,2016,Dream Pop,0,False
Qiang Lei,1,2002,2002,Lo-Fi Electronica,0,False
Qiang Kang,1,2023,2023,Indie Folk,0,False
Qiang Jiang,1,2028,2028,Darkwave,0,False
Qiang Huang,1,2029,2029,Darkwave,0,False
Qiang He,1,2019,2019,Oceanus Folk,0,True
Qiang Hao,1,2028,2028,Dream Pop,0,False
Qiang Gu,1,2020,2020,Dream Pop,0,False
Lori Waters,1,2018,2018,Dream Pop,0,False
Qiang Gao,1,2014,2014,Dream Pop,0,False
Lorraine Martinez,1,2010,2010,Speed Metal,0,False
Qiang Feng,1,2016,2016,Doom Metal,0,False
Qiang Fang,1,2030,2030,Desert Rock,0,False
Qiang Du,1,2016,2016,Symphonic Metal,0,False
Lucas Jose Manuel Arnaiz Pinedo,1,2029,2029,Darkwave,0,False
Qiang Liu,1,2015,2015,Americana,0,False
Qiang Long,1,2013,2013,Indie Pop,0,False
Qiang Meng,1,2006,2006,Dream Pop,0,False
Qiang Zhao,1,2013,2013,Doom Metal,0,False
Rachel Hill,1,2007,2007,Doom Metal,0,False
Lisa Shaffer,1,2020,2020,Indie Folk,0,False
Lise Gerrits,1,2010,2010,Alternative Rock,0,False
Quantum Sonic Architects,1,2007,2007,Synthwave,0,False
Liwia Cygal,1,2018,2018,Dream Pop,0,False
Qiang Zhou,1,2018,2018,Indie Rock,0,False
Qiang Yuan,1,2004,2004,Synthwave,0,False
Qiang Mo,1,2016,2016,Doom Metal,0,False
Qiang Wen,1,2028,2028,Darkwave,0,False
Qiang Song,1,2026,2026,Darkwave,0,False
Liwia Piejko,1,2028,2028,Jazz Surf Rock,0,False
Qiang Shen,1,2018,2018,Jazz Surf Rock,0,False
Liza Rijcken,1,2029,2029,Dream Pop,0,False
Qiang Qian,1,2016,2016,Dream Pop,0,False
Qiang Cai,1,2029,2029,Darkwave,0,False
Luce Loiseau,1,2017,2017,Oceanus Folk,0,True
Psycho Twang,1,2017,2017,Desert Rock,0,False
Ping Li,1,2020,2020,Psychedelic Rock,0,False
Lunar Pulse,1,2026,2026,Dream Pop,0,False
Ping Peng,1,2040,2040,Oceanus Folk,0,True
Madeleine Pineau,1,2038,2038,Oceanus Folk,0,True
Ping Pan,1,2026,2026,Dream Pop,0,False
Margrit Stiffel,1,2026,2026,Doom Metal,0,False
Ping Ma,1,2029,2029,Dream Pop,0,False
Maggie Faivre,1,2004,2004,Blues Rock,0,False
Ping Qiu,1,2026,2026,Indie Folk,0,False
Ping Lei,1,2013,2013,Dream Pop,0,False
Ping Guo,1,2029,2029,Dream Pop,0,False
Ping Gu,1,2026,2026,Synthpop,0,False
Ping Fu,1,2017,2017,Synthwave,0,False
Ping Fang,1,2027,2027,Space Rock,0,False
Ping Fan,1,2017,2017,Indie Folk,0,False
Ping Qin,1,2010,2010,Synthwave,0,False
Ping Ren,1,2028,2028,Space Rock,0,False
Przemysław Grupa,1,1999,1999,Southern Gothic Rock,0,False
Ping Zhu,1,2020,2020,Emo/Pop Punk,0,False
Prisma Flux,1,2025,2025,Desert Rock,0,False
Lucie Tanguy,1,1999,1999,Synthwave,0,False
Pomponio Pometta,1,2024,2024,Psychedelic Rock,0,False
Plinio Ribas,1,1992,1992,Dream Pop,0,False
Ludmila Wesack,1,2024,2024,Dream Pop,0,False
Piotr Smoter,1,2014,2014,Psychedelic Rock,0,False
Ludovico Mondadori,1,2025,2025,Speed Metal,0,False
Lunar Drift,1,2036,2036,Indie Folk,0,False
Ping Zhou,1,2020,2020,Dream Pop,0,False
Ping Zhong,1,2013,2013,Dream Pop,0,False
Lueur,1,2023,2023,Southern Gothic Rock,0,False
Ping Yang,1,2026,2026,Indie Folk,0,False
Ping Xue,1,2025,2025,Dream Pop,0,False
Luis Holt,1,2020,2020,Psychedelic Rock,0,False
Nirvaan Barman,1,1991,1991,Dream Pop,0,False
Nicholas Swanson,1,2024,2024,Dream Pop,0,False
Nino Canova-Esposito,1,2022,2022,Indie Folk,0,False
Michael Baker,1,2023,2023,Indie Folk,0,False
Ming Huang,1,2015,2015,Americana,0,False
Ming Hu,1,2007,2007,Blues Rock,0,False
Ming He,1,2026,2026,Darkwave,0,False
Mia Carsten,1,2010,2010,Indie Folk,0,False
Ming Fan,1,2025,2025,Doom Metal,0,False
Ming Duan,1,2010,2010,Indie Rock,0,False
Ming Du,1,2027,2027,Oceanus Folk,0,True
Ming Dong,1,2025,2025,Jazz Surf Rock,0,False
Maria Black,1,2013,2013,Synthwave,0,False
Ming Ding,1,2030,2030,Synthwave,0,False
Ming Dai,1,2029,2029,Dream Pop,0,False
Ming Cheng,1,2028,2028,Psychedelic Rock,0,False
Michael Boyd,1,2010,2010,Avant-Garde Folk,0,False
Ming Chen,1,2020,2020,Synthwave,0,False
Ming Chang,1,2015,2015,Post-Apocalyptic Folk,0,False
Michael Hartman,1,1992,1992,Southern Gothic Rock,0,False
Mercedes Salata,1,2027,2027,Synthwave,0,False
Ming Lai,1,2021,2021,Synthwave,0,False
Ming Lei,1,2020,2020,Indie Folk,0,False
Ming Liang,1,2002,2002,Synthwave,0,False
Meike van Boven,1,2007,2007,Psychedelic Rock,0,False
Ming Yang,1,2017,2017,Indie Folk,0,False
Ming Yan,1,2013,2013,Desert Rock,0,False
Ming Tan,1,2010,2010,Desert Rock,0,False
Ming Sun,1,2024,2024,Psychedelic Rock,0,False
Ming Su,1,2022,2022,Symphonic Metal,0,False
Ming Shen,1,2017,2017,Indie Folk,0,False
Melissa Avila,1,2024,2024,Psychedelic Rock,0,False
Melissa Miller,1,2017,2017,Doom Metal,0,False
Melissa Smith,1,2027,2027,Indie Rock,0,False
Melissa Williams,1,2029,2029,Dream Pop,0,False
Ming Qiao,1,2024,2024,Doom Metal,0,False
Ming Qian,1,2016,2016,Doom Metal,0,False
Ming Lu,1,2026,2026,Darkwave,0,False
Melody Cuevas,1,2020,2020,Indie Folk,0,False
Ming Cao,1,2017,2017,Synthwave,0,False
Ming Cai,1,2023,2023,Blues Rock,0,False
Min Zhou,1,2028,2028,Jazz Surf Rock,0,False
Min Peng,1,2021,2021,Synthwave,0,False
Min Ma,1,2029,2029,Jazz Surf Rock,0,False
Min Long,1,2004,2004,Synthwave,0,False
Min Lin,1,2028,2028,Post-Apocalyptic Folk,0,False
Min Liao,1,2023,2023,Psychedelic Rock,0,False
Min Li,1,2030,2030,Synthwave,0,False
Min Chang,1,2023,2023,Synthwave,0,False
Min Chen,1,2023,2023,Indie Folk,0,False
Min Kong,1,2036,2036,Indie Folk,0,False
Min Cheng,1,2019,2019,Dream Pop,0,False
Min Jin,1,2028,2028,Psychedelic Rock,0,False
Min Duan,1,2026,2026,Dream Pop,0,False
Min Jia,1,2029,2029,Dream Pop,0,False
Min Huang,1,2023,2023,Oceanus Folk,0,True
Min Feng,1,2029,2029,Dream Pop,0,False
Min Fu,1,2029,2029,Dream Pop,0,False
Mike Robinson,1,2023,2023,Dream Pop,0,False
Michelotto Toldo,1,2008,2008,Dream Pop,0,False
Michael Holloway,1,2024,2024,Dream Pop,0,False
Min Qin,1,2026,2026,Indie Folk,0,False
Min Zhong,1,2024,2024,Dream Pop,0,False
Michael Martinez,1,2025,2025,Indie Rock,0,False
Michael Moore,1,2024,2024,Dream Pop,0,False
Min Yuan,1,2029,2029,Dream Pop,0,False
Michael Ross,1,2009,2009,Southern Gothic Rock,0,False
Min Yi,1,2023,2023,Indie Folk,0,False
Michael Sexton,1,2004,2004,Doom Metal,0,False
Min Xie,1,2023,2023,Psychedelic Rock,0,False
Michelle Garrett,1,2022,2022,Dream Pop,0,False
Min Wen,1,2021,2021,Synthwave,0,False
Min Wei,1,2025,2025,Southern Gothic Rock,0,False
Min Tao,1,2029,2029,Dream Pop,0,False
Min Sun,1,2020,2020,Indie Folk,0,False
Min Song,1,2023,2023,Oceanus Folk,0,True
Min Shen,1,2017,2017,Indie Pop,0,False
Mehdi Hering,1,2017,2017,Alternative Rock,0,False
Ming Zheng,1,2017,2017,Indie Folk,0,False
Megan Dunn,1,2031,2031,Psychedelic Rock,0,False
Marianna Polasik,1,2010,2010,Speed Metal,0,False
Marianna Polaszek,1,2026,2026,Darkwave,0,False
Naoki Sato,1,1987,1987,Dream Pop,0,False
Nancy Wright,1,2029,2029,Desert Rock,0,False
Nancy Myers,1,2029,2029,Lo-Fi Electronica,0,False
Marianne Sanchez-Hebert,1,2022,2022,Doom Metal,0,False
Na Zhou,1,2025,2025,Lo-Fi Electronica,0,False
Na Zhang,1,2020,2020,Synthwave,0,False
Na Yu,1,2023,2023,Space Rock,0,False
Mark Hellevoort-Verbruggen,1,2014,2014,Psychedelic Rock,0,False
Na Yi,1,2019,2019,Lo-Fi Electronica,0,False
Na Xie,1,2024,2024,Jazz Surf Rock,0,False
Mark Nunez,1,2025,2025,Indie Rock,0,False
Martin Anderson,1,2020,2020,Dream Pop,0,False
Na Tan,1,2007,2007,Blues Rock,0,False
Martin Guilbert,1,2020,2020,Doom Metal,0,False
Narrer på Vagt,1,2022,2022,Doom Metal,0,False
Mariana Galeati,1,2024,2024,Darkwave,0,False
Na Qian,1,2014,2014,Dream Pop,0,False
Navya Barad,1,2026,2026,Jazz Surf Rock,0,False
Nikolaos Jäkel,1,2017,2017,Indie Folk,0,False
Nidia Menéndez Mateo,1,2013,2013,Synthwave,0,False
Nicole Williamson,1,2027,2027,Post-Apocalyptic Folk,0,False
Nicole Williams,1,2024,2024,Dream Pop,0,False
Nicole Scott,1,2013,2013,Synthwave,0,False
Nicole Robinson,1,2020,2020,Southern Gothic Rock,0,False
Nicolas Rodriguez,1,2024,2024,Doom Metal,0,False
Min Gao,1,2024,2024,Synthwave,0,False
Nicholas Ortiz,1,2024,2024,Dream Pop,0,False
Neue Schicht,1,2013,2013,Dream Pop,0,False
Maria Shea,1,2020,2020,Synthwave,0,False
Nehmat Kanda,1,2007,2007,Synthwave,0,False
Maria Zola,1,2025,2025,Dream Pop,0,False
Necropolis Noir,1,2018,2018,Dream Pop,0,False
Navya Sastry,1,2022,2022,Indie Folk,0,False
Na Qin,1,2013,2013,Synthwave,0,False
Martino Toninelli,1,2025,2025,Speed Metal,0,False
Ming Zhou,1,2003,2003,Synthwave,0,False
Na Cai,1,2025,2025,Americana,0,False
Matthew Williams,1,2026,2026,Darkwave,0,False
Morgan Hernandez,1,2027,2027,Oceanus Folk,0,True
Matthäus Hendriks,1,2020,2020,Doom Metal,0,False
Moral Friction,1,2026,2026,Space Rock,0,False
Monica Thompson,1,2008,2008,Dream Pop,0,False
Monica Hale,1,2022,2022,Dream Pop,0,False
Maud van de Pol,1,2020,2020,Psychedelic Rock,0,False
Mojmír Hruška,1,2028,2028,Jazz Surf Rock,0,False
Miłosz Staciwa,1,2010,2010,Indie Pop,0,False
Mitchell Ross,1,2029,2029,Dream Pop,0,False
Maura Jovinelli,1,2010,2010,Speed Metal,0,False
Miss Stephanie Middleton,1,2013,2013,Synthwave,0,False
Miss Amy Harmon,1,2010,2010,Indie Folk,0,False
Misha Batta,1,2029,2029,Darkwave,0,False
Maya Jensen,1,2033,2033,Oceanus Folk,0,True
Myra Devan,1,2026,2026,Jazz Surf Rock,0,False
Matthew Tran,1,2023,2023,Symphonic Metal,0,False
Mary Campbell,1,2028,2028,Dream Pop,0,False
Na Deng,1,2028,2028,Dream Pop,0,False
Mary Ross,1,2024,2024,Dream Pop,0,False
Matthew Burton,1,2013,2013,Indie Folk,0,False
Na Peng,1,2017,2017,Indie Folk,0,False
Na Meng,1,2022,2022,Dream Pop,0,False
Matthew Carter,1,2021,2021,Alternative Rock,0,False
Matthew Dominguez,1,2026,2026,Americana,0,False
Na Liang,1,2012,2012,Darkwave,0,False
Na Kong,1,2013,2013,Indie Folk,0,False
Na Kang,1,2030,2030,Synthwave,0,False
Na Jin,1,2029,2029,Jazz Surf Rock,0,False
Matthew Gardner,1,2020,2020,Dream Pop,0,False
Na Fan,1,2013,2013,Doom Metal,0,False
Matthew Miller,1,1999,1999,Southern Gothic Rock,0,False
Na Du,1,2017,2017,Dream Pop,0,False
Na Dong,1,2013,2013,Indie Folk,0,False
Aarav Chana,1,2012,2012,Southern Gothic Rock,0,False
Rusty Anvil,1,2010,2010,Indie Folk,0,False
Rachel Wilson,1,2029,2029,Darkwave,0,False
Radiant Siblings,1,2028,2028,Space Rock,0,False
Xia Wen,1,2025,2025,Indie Rock,0,False
Xia Wei,1,2027,2027,Space Rock,0,False
Xia Tian,1,2030,2030,Dream Pop,0,False
Xia Tan,1,2030,2030,Americana,0,False
Xia Song,1,2026,2026,Indie Folk,0,False
Xia Qin,1,2024,2024,Psychedelic Rock,0,False
Xia Lu,1,2028,2028,Space Rock,0,False
Xia Lin,1,2022,2022,Lo-Fi Electronica,0,False
Xia Liang,1,2030,2030,Americana,0,False
Xia Kang,1,2026,2026,Americana,0,False
Xia Jin,1,2019,2019,Space Rock,0,False
Xia Jia,1,2040,2040,Oceanus Folk,0,True
Xia Fu,1,2002,2002,Speed Metal,0,False
Xia Fan,1,2022,2022,Desert Rock,0,False
Xia Deng,1,2022,2022,Desert Rock,0,False
Xavier Kane,1,2024,2024,Dream Pop,0,False
Xavier Gaillard,1,2000,2000,Dream Pop,0,False
William Vollbrecht,1,2020,2020,Indie Folk,0,False
William Tran,1,2026,2026,Alternative Rock,0,False
William Ruiz,1,2027,2027,Dream Pop,0,False
William Peck,1,2029,2029,Darkwave,0,False
Xia Wu,1,2023,2023,Speed Metal,0,False
Xia Xiao,1,2023,2023,Dream Pop,0,False
Xia Yan,1,2017,2017,Oceanus Folk,0,True
Xiulan Hou,1,2021,2021,Indie Folk,0,False
Xiulan Wang,1,2013,2013,Dream Pop,0,False
Xiulan Tang,1,2026,2026,Space Rock,0,False
Xiulan Tan,1,2028,2028,Psychedelic Rock,0,False
Xiulan Shen,1,2027,2027,Americana,0,False
Xiulan Qin,1,2026,2026,Dream Pop,0,False
Xiulan Lu,1,2019,2019,Space Rock,0,False
Xiulan Li,1,2017,2017,Desert Rock,0,False
Xiulan Huang,1,2025,2025,Jazz Surf Rock,0,False
Xiulan Hu,1,2028,2028,Psychedelic Rock,0,False
Xiulan He,1,2013,2013,Dream Pop,0,False
Xia Zhang,1,2028,2028,Dream Pop,0,False
Xiulan Hao,1,2029,2029,Jazz Surf Rock,0,False
Xiulan Gu,1,2040,2040,Oceanus Folk,0,True
Xiulan Fu,1,2007,2007,Americana,0,False
Xiulan Fang,1,2015,2015,Americana,0,False
Xiulan Du,1,2016,2016,Dream Pop,0,False
Xiulan Cao,1,2026,2026,Space Rock,0,False
Xia Zhu,1,2017,2017,Synthwave,0,False
Xia Zhou,1,2013,2013,Synthwave,0,False
Xia Zhong,1,2014,2014,Dream Pop,0,False
William Navarro,1,2015,2015,Indie Pop,0,False
William Moore,1,2031,2031,Psychedelic Rock,0,False
William Miller,1,2017,2017,Indie Folk,0,False
Vidur D’Alia,1,2012,2012,Southern Gothic Rock,0,False
Wei Liao,1,2019,2019,Space Rock,0,False
Wei Lei,1,2026,2026,Indie Folk,0,False
Wei Huang,1,2030,2030,Synthwave,0,False
Wei He,1,2029,2029,Dream Pop,0,False
Wei Du,1,2009,2009,Lo-Fi Electronica,0,False
Wei Cui,1,2023,2023,Synthwave,0,False
Wanda Fuller,1,2029,2029,Dream Pop,0,False
Vitali Rogner,1,2024,2024,Psychedelic Rock,0,False
Vincent Seifert,1,2023,2023,Doom Metal,0,False
Victoria Williams,1,2020,2020,Psychedelic Rock,0,False
Wei Long,1,2028,2028,Darkwave,0,False
Victoire Morvan,1,2017,2017,Indie Folk,0,False
Vera Rivero Palomo,1,2007,2007,Doom Metal,0,False
Velvet Prism,1,2023,2023,Southern Gothic Rock,0,False
Velvet Horizon,1,2004,2004,Americana,0,False
Vanessa Villadicani,1,2025,2025,Dream Pop,0,False
Vanessa Ramos,1,2025,2025,Desert Rock,0,False
Valérie Mathieu,1,2010,2010,Doom Metal,0,False
Valerij Bonbach,1,2024,2024,Psychedelic Rock,0,False
Ursus,1,2004,2004,Synthwave,0,False
Wei Liu,1,2002,2002,Emo/Pop Punk,0,False
Wei Ma,1,2004,2004,Indie Rock,0,False
William Hawkins,1,2017,2017,Indie Folk,0,False
Wei Zhao,1,2014,2014,Lo-Fi Electronica,0,False
William Garner,1,2020,2020,Avant-Garde Folk,0,False
William Burton,1,1991,1991,Synthwave,0,False
William Alexander,1,2026,2026,Space Rock,0,False
Wigbert Scholl,1,1994,1994,Indie Pop,0,False
Whitney Schmidt,1,2004,2004,Dream Pop,0,False
Whispered Strings,1,1997,1997,Dream Pop,0,False
Wendy Nelson,1,2014,2014,Indie Rock,0,False
Wei Zhu,1,2007,2007,Indie Folk,0,False
Wei Zhong,1,2026,2026,Space Rock,0,False
Wei Yu,1,2022,2022,Desert Rock,0,False
Wei Mao,1,2027,2027,Post-Apocalyptic Folk,0,False
Wei Xiong,1,2020,2020,Americana,0,False
Wei Xiao,1,2027,2027,Post-Apocalyptic Folk,0,False
Wei Wan,1,2024,2024,Synthwave,0,False
Wei Tao,1,2022,2022,Symphonic Metal,0,False
Wei Su,1,2022,2022,Dream Pop,0,False
Wei Shi,1,2014,2014,Psychedelic Rock,0,False
Wei Shen,1,2030,2030,Synthwave,0,False
Wei Shao,1,2014,2014,Psychedelic Rock,0,False
Wei Mo,1,2028,2028,Space Rock,0,False
Xiulan Wei,1,2020,2020,Americana,0,False
Xiulan Xu,1,2040,2040,Oceanus Folk,0,True
Xiulan Yin,1,2026,2026,Dream Pop,0,False
Yang Ye,1,2030,2030,Synthwave,0,False
Yong Dong,1,2015,2015,Americana,0,False
Yong Ding,1,2007,2007,Indie Folk,0,False
Yong Dai,1,2024,2024,Alternative Rock,0,False
Yong Cui,1,2013,2013,Indie Folk,0,False
Yong Cao,1,2021,2021,Synthwave,0,False
Yong Cai,1,2029,2029,Alternative Rock,0,False
Yolanda Mendoza,1,2004,2004,Dream Pop,0,False
Yasuhiro Yamamoto,1,2010,2010,Indie Folk,0,False
Yang Zeng,1,2025,2025,Space Rock,0,False
Yang Yang,1,2025,2025,Doom Metal,0,False
Yong Han,1,2024,2024,Psychedelic Rock,0,False
Yang Wen,1,2020,2020,Dream Pop,0,False
Yang Wang,1,2017,2017,Dream Pop,0,False
Yang Wan,1,2013,2013,Synthwave,0,False
Yang Tan,1,2028,2028,Indie Folk,0,False
Yang Pan,1,2007,2007,Indie Folk,0,False
Yang Liao,1,2013,2013,Indie Folk,0,False
Yang Hou,1,2030,2030,Alternative Rock,0,False
Yang Hao,1,2010,2010,Synthwave,0,False
Yang Gao,1,2013,2013,Indie Rock,0,False
Yong Feng,1,2023,2023,Indie Folk,0,False
Yong Hu,1,2036,2036,Space Rock,0,False
Yang Cheng,1,2023,2023,Indie Folk,0,False
Yong Xue,1,2027,2027,Jazz Surf Rock,0,False
Éric Daniel,1,2013,2013,Southern Gothic Rock,0,False
Élodie Albert,1,2004,2004,Blues Rock,0,False
Áurea Escobar-Jara,1,2022,2022,Indie Folk,0,False
Zara Trivedi,1,2016,2016,Dream Pop,0,False
Zachary Wells,1,2023,2023,Indie Folk,0,False
Yuvaan Chopra,1,2018,2018,Dream Pop,0,False
Yuki Saito,1,2032,2032,Symphonic Metal,0,False
Yosuke Yamamoto,1,2010,2010,Indie Folk,0,False
Yong Yu,1,2023,2023,Americana,0,False
Yong Xia,1,2026,2026,Darkwave,0,False
Yong Kong,1,2013,2013,Synthwave,0,False
Yong Wen,1,2022,2022,Dream Pop,0,False
Yong Tian,1,1991,1991,Dream Pop,0,False
Yong Tan,1,2027,2027,Americana,0,False
Yong Qin,1,2016,2016,Doom Metal,0,False
Yong Qiao,1,2026,2026,Space Rock,0,False
Yong Meng,1,2027,2027,Space Rock,0,False
Yong Lu,1,2028,2028,Indie Folk,0,False
Yong Liu,1,2028,2028,Jazz Surf Rock,0,False
Yong Lei,1,2023,2023,Synthwave,0,False
Yang Fan,1,2016,2016,Doom Metal,0,False
Yang Cao,1,2017,2017,Synthwave,0,False
Xiulan Zou,1,2017,2017,Synthwave,0,False
Xiuying Yao,1,2023,2023,Synthwave,0,False
Yan Cui,1,2029,2029,Dream Pop,0,False
Yan Cao,1,2028,2028,Dream Pop,0,False
Yan Cai,1,2024,2024,Doom Metal,0,False
Yan Bai,1,2013,2013,Synthwave,0,False
Xiuying Zhu,1,2021,2021,Doom Metal,0,False
Xiuying Zhou,1,1987,1987,Dream Pop,0,False
Xiuying Yu,1,2017,2017,Dream Pop,0,False
Xiuying Yin,1,2025,2025,Space Rock,0,False
Xiuying Ye,1,2013,2013,Synthwave,0,False
Xiuying Xiang,1,2029,2029,Dream Pop,0,False
Yan Duan,1,2023,2023,Americana,0,False
Xiuying Qian,1,2027,2027,Jazz Surf Rock,0,False
Xiuying Mo,1,2028,2028,Jazz Surf Rock,0,False
Xiuying Liang,1,2007,2007,Americana,0,False
Xiuying Jin,1,2027,2027,Jazz Surf Rock,0,False
Xiuying Guo,1,2030,2030,Desert Rock,0,False
Xiuying Feng,1,2022,2022,Doom Metal,0,False
Xiuying Fang,1,2030,2030,Synthwave,0,False
Xiuying Ding,1,2010,2010,Indie Rock,0,False
Xiuying Deng,1,2029,2029,Dream Pop,0,False
Yan Dong,1,2013,2013,Synthwave,0,False
Yan Fang,1,2013,2013,Synthwave,0,False
Yan Zhu,1,2011,2011,Lo-Fi Electronica,0,False
Yan Qian,1,2010,2010,Lo-Fi Electronica,0,False
Yan Yan,1,2022,2022,Dream Pop,0,False
Yan Xu,1,2017,2017,Americana,0,False
Yan Wen,1,2029,2029,Dream Pop,0,False
Yan Wang,1,2023,2023,Synthwave,0,False
Yan Tian,1,2024,2024,Jazz Surf Rock,0,False
Yan Tan,1,2024,2024,Jazz Surf Rock,0,False
Yan Song,1,1991,1991,Dream Pop,0,False
Yan Ren,1,2027,2027,Emo/Pop Punk,0,False
Yan Qiu,1,2028,2028,Darkwave,0,False
Yan Ma,1,2019,2019,Space Rock,0,False
Yan Feng,1,2029,2029,Dream Pop,0,False
Yan Liu,1,2030,2030,Desert Rock,0,False
Yan Liang,1,2017,2017,Indie Folk,0,False
Yan Kong,1,2028,2028,Dream Pop,0,False
Yan Kang,1,2024,2024,Speed Metal,0,False
Yan Jin,1,2030,2030,Americana,0,False
Yan Guo,1,2013,2013,Americana,0,False
Yan Gu,1,2028,2028,Symphonic Metal,0,False
Yan Gong,1,2026,2026,Darkwave,0,False
Yan Gao,1,2031,2031,Psychedelic Rock,0,False
Ulises Gomila Morell,1,1992,1992,Dream Pop,0,False
Tymon Miszta,1,1997,1997,Dream Pop,0,False
Tyler Martinez,1,2000,2000,Dream Pop,0,False
Samuel Thompson,1,2024,2024,Dream Pop,0,False
Sarah Phillips,1,2023,2023,Darkwave,0,False
Sarah Patrick,1,1995,1995,Speed Metal,0,False
Sara Shannon,1,2022,2022,Dream Pop,0,False
Sara Roman,1,2028,2028,Synthwave,0,False
Sara Parker,1,2020,2020,Indie Folk,0,False
Sara Estefanía Acedo Caro,1,2029,2029,Darkwave,0,False
Sandro Gröttner,1,2010,2010,Doom Metal,0,False
Sander Veenstra,1,2007,2007,Psychedelic Rock,0,False
Sana Sunder,1,2026,2026,Jazz Surf Rock,0,False
Samiha Hayre,1,2029,2029,Symphonic Metal,0,False
Sarah Wright,1,2023,2023,Darkwave,0,False
Samantha Mills,1,2013,2013,Indie Folk,0,False
Sailor Shift,1,2030,2030,Oceanus Folk,0,True
Ryan van 't Houteveen-Luboch,1,2029,2029,Dream Pop,0,False
Ryan Rodriguez,1,2029,2029,Dream Pop,0,False
Ryan Palmer,1,2008,2008,Dream Pop,0,False
Ryan Murphy,1,1994,1994,Alternative Rock,0,False
Ryan Johnston,1,2017,2017,Synthwave,0,False
Ryan Dunlap,1,2020,2020,Indie Rock,0,False
Ryan Doyle,1,2020,2020,Dream Pop,0,False
Sarah Ward,1,1997,1997,Alternative Rock,0,False
Savannah Leblanc,1,2019,2019,Blues Rock,0,False
Ryan Carter,1,2027,2027,Indie Rock,0,False
Shawn Soto,1,2024,2024,Dream Pop,0,False
Shota Mori,1,2020,2020,Synthwave,0,False
Shohei Ito,1,2026,2026,Indie Folk,0,False
Shlok Desai,1,2018,2018,Americana,0,False
Shlok Cherian,1,2026,2026,Oceanus Folk,0,True
Shirley Riley,1,2010,2010,Desert Rock,0,False
Sheryl Massey,1,2004,2004,Dream Pop,0,False
Sheri Hernandez,1,1995,1995,Indie Pop,0,False
Shelby Grimes,1,2023,2023,Dream Pop,0,False
Sheila Cox,1,1997,1997,Alternative Rock,0,False
Sharon Roberts,1,2027,2027,Dream Pop,0,False
Savannah Shaw,1,2017,2017,Desert Rock,0,False
Shared Secrets,1,2013,2013,Doom Metal,0,False
Shannon White,1,2007,2007,Indie Folk,0,False
Shannon Jacobson,1,2028,2028,Dream Pop,0,False
Shane Clark,1,2023,2023,Indie Folk,0,False
Seth Payne,1,2012,2012,Speed Metal,0,False
Serafina Vives-Somoza,1,2024,2024,Psychedelic Rock,0,False
Sean Rodgers,1,2001,2001,Doom Metal,0,False
Scott Mckinney,1,2025,2025,Desert Rock,0,False
Sayuri Sato,1,2004,2004,Blues Rock,0,False
Ryan Devan,1,2023,2023,Oceanus Folk,0,True
Ryan Baxter,1,2020,2020,Indie Folk,0,False
SideShift,1,2013,2013,Dream Pop,0,False
Rei Ito,1,2007,2007,Dream Pop,0,False
Richard White,1,2022,2022,Dream Pop,0,False
Richard Sweeney,1,2024,2024,Synthwave,0,False
Richard Moore,1,2028,2028,Dream Pop,0,False
Richard Kennedy,1,2013,2013,Darkwave,0,False
Rhea Wali,1,2016,2016,Dream Pop,0,False
Restless Verse,1,1987,1987,Blues Rock,0,False
Renzo Dallapé,1,2025,2025,Dream Pop,0,False
Renegade Harmony,1,2010,2010,Dream Pop,0,False
Reinhild Krein,1,2017,2017,Alternative Rock,0,False
Regina Vance,1,2027,2027,Dream Pop,0,False
Rika Yamamoto,1,1985,1985,Alternative Rock,0,False
Regina Bruce,1,2027,2027,Alternative Rock,0,False
Rebecca Ruiz,1,2023,2023,Doom Metal,0,False
Rebecca Robinson,1,2024,2024,Dream Pop,0,False
Raymond Marshall,1,2024,2024,Psychedelic Rock,0,False
Rati Deo,1,1987,1987,Blues Rock,0,False
Rania Banik,1,2013,2013,Americana,0,False
Ranbir Sangha,1,2012,2012,Southern Gothic Rock,0,False
Raghav Chawla,1,2012,2012,Southern Gothic Rock,0,False
Rafael Hoz Pizarro,1,2030,2030,Americana,0,False
Rika Maeda,1,2026,2026,Indie Folk,0,False
Riya Ahluwalia,1,2013,2013,Americana,0,False
Ryan Austin,1,2023,2023,Dream Pop,0,False
Ronald Warner,1,2026,2026,Alternative Rock,0,False
Ryan Adams,1,2023,2023,Oceanus Folk,0,True
Ruth Hernandez,1,2024,2024,Psychedelic Rock,0,False
Liquid Vortex,1,2023,2023,Dream Pop,0,False
Russell Bates,1,2010,2010,Oceanus Folk,0,True
Roswita Weinhold,1,2017,2017,Space Rock,0,False
Roswita Hande,1,2010,2010,Indie Rock,0,False
Rosmarie Losekann,1,2010,2010,Doom Metal,0,False
Ronnie Cook,1,1997,1997,Southern Gothic Rock,0,False
Ronald Yates,1,2023,2023,Indie Folk,0,False
Rohan Shanker,1,2020,2020,Speed Metal,0,False
Robert Bass,1,2017,2017,Doom Metal,0,False
Roger Orozco,1,2022,2022,Psychedelic Rock,0,False
Rodolfo Montecchi-Bonomo,1,2026,2026,Synthwave,0,False
Robin Mayer,1,2026,2026,Doom Metal,0,False
Robin Jones,1,2022,2022,Alternative Rock,0,False
Roberto Pausini,1,2008,2008,Dream Pop,0,False
Robert Stephens,1,2015,2015,Dream Pop,0,False
Robert Holland,1,2024,2024,Dream Pop,0,False
Robert Chen,1,2020,2020,Indie Rock,0,False
Robert Boone,1,2017,2017,Indie Folk,0,False
Sibylla Beyer,1,2017,2017,Dream Pop,0,False
Silent Horizon,1,2016,2016,Dream Pop,0,False
Tyler Lee,1,2028,2028,Dream Pop,0,False
Tao Zheng,1,2025,2025,Synthwave,0,False
The Cedar Lane Collective,1,2007,2007,Indie Rock,0,False
Terry Harris,1,2029,2029,Symphonic Metal,0,False
Terry Gonzalez,1,2025,2025,Desert Rock,0,False
Terri Johnson,1,2023,2023,Dream Pop,0,False
Terri Chapman,1,2024,2024,Dream Pop,0,False
Taylor Reed,1,2023,2023,Synthwave,0,False
Tarini Hans,1,2018,2018,Dream Pop,0,False
Tara Timmermans,1,2010,2010,Alternative Rock,0,False
Tara Kota,1,2023,2023,Oceanus Folk,0,True
Tao Zhang,1,2019,2019,Space Rock,0,False
The Rhythm Rascals,1,2013,2013,Dream Pop,0,False
Tao Zeng,1,2020,2020,Psychedelic Rock,0,False
Tao Yu,1,2026,2026,Darkwave,0,False
Tao Xiang,1,2026,2026,Darkwave,0,False
Tao Wei,1,2017,2017,Synthwave,0,False
Tao Qiao,1,2020,2020,Americana,0,False
Tao Qian,1,2013,2013,Jazz Surf Rock,0,False
Tao Lu,1,2020,2020,Americana,0,False
Tao Liu,1,2024,2024,Psychedelic Rock,0,False
Tao Lin,1,2023,2023,Doom Metal,0,False
The Feast,1,2004,2004,Blues Rock,0,False
The Three Drafts,1,2020,2020,Speed Metal,0,False
Tao He,1,2028,2028,Dream Pop,0,False
Tiffany Lutz,1,2017,2017,Space Rock,0,False
Tristan Chauveau,1,2019,2019,Dream Pop,0,False
Travis Williams,1,2026,2026,Indie Folk,0,False
Tracey Murphy,1,2023,2023,Darkwave,0,False
Tiya Sani,1,2023,2023,Oceanus Folk,0,True
Timothy Watson,1,2027,2027,Indie Rock,0,False
Timothy Riley,1,1991,1991,Dream Pop,0,False
Timothy Lewis,1,1997,1997,Southern Gothic Rock,0,False
Timothy Burke,1,2023,2023,Southern Gothic Rock,0,False
Tiffany Martinez,1,2029,2029,Psychedelic Rock,0,False
Tiffany Acevedo,1,2024,2024,Psychedelic Rock,0,False
Theresa Lopez,1,2029,2029,Dream Pop,0,False
Théophile de Carlier,1,1991,1991,Synthwave,0,False
Thomas Stephens,1,2024,2024,Psychedelic Rock,0,False
Thomas Salinas,1,2023,2023,Synthwave,0,False
Thomas Palmer,1,2029,2029,Psychedelic Rock,0,False
Thomas Mccoy,1,2029,2029,Dream Pop,0,False
Thomas Lopez,1,2017,2017,Indie Folk,0,False
Thomas Duncan,1,2017,2017,Blues Rock,0,False
Thomas Bradley,1,2007,2007,Psychedelic Rock,0,False
Theresa Rivera,1,2013,2013,Indie Folk,0,False
Tao Kang,1,2013,2013,Dream Pop,0,False
Tao Gu,1,2019,2019,Blues Rock,0,False
Silke Verda,1,2020,2020,Psychedelic Rock,0,False
Spectral Junk,1,2020,2020,Dream Pop,0,False
Stephen Bell,1,2007,2007,Indie Rock,0,False
Stephanie Montoya,1,2020,2020,Indie Folk,0,False
Stephanie Johnson,1,2022,2022,Psychedelic Rock,0,False
Stephanie Horton,1,2013,2013,Synthwave,0,False
Stephanie Garcia,1,2004,2004,Americana,0,False
Stefan Zirme,1,1994,1994,Indie Pop,0,False
Stanley Roberts,1,2020,2020,Indie Folk,0,False
Stacy Hendricks,1,2014,2014,Dream Pop,0,False
Split Persona,1,2017,2017,Indie Folk,0,False
Sovereign Riders,1,2030,2030,Synthwave,0,False
Stephen Ross,1,2014,2014,Dream Pop,0,False
Sotaro Sato,1,2010,2010,Indie Folk,0,False
Sosimo Donaire Marí,1,2039,2039,Psychedelic Rock,0,False
Sophia Cilea,1,2019,2019,Indie Folk,0,False
Sophia Baracca-Solimena,1,2010,2010,Indie Folk,0,False
Sonora Flux,1,2023,2023,Oceanus Folk,0,True
Sonia Suda,1,2008,2008,Blues Rock,0,False
Sofie van der Hoeven,1,2014,2014,Psychedelic Rock,0,False
Silvio Krause,1,2010,2010,Doom Metal,0,False
Silvia Baum,1,2025,2025,Symphonic Metal,0,False
Stephen Lawrence,1,2014,2014,Dream Pop,0,False
Steven Fox,1,1992,1992,Southern Gothic Rock,0,False
Tao Fang,1,2025,2025,Jazz Surf Rock,0,False
Sylwia Hołota,1,2001,2001,Jazz Surf Rock,0,False
Tao Dai,1,2023,2023,Indie Folk,0,False
Tao Cheng,1,2013,2013,Synthwave,0,False
Tao Chen,1,2007,2007,Dream Pop,0,False
Tammy Howell,1,2004,2004,Dream Pop,0,False
Tamara Miller,1,2013,2013,Indie Folk,0,False
Tamara Brown,1,2007,2007,Indie Rock,0,False
Taichi Watanabe,1,2023,2023,Indie Folk,0,False
Tadeusz Kieszek,1,2017,2017,Southern Gothic Rock,0,False
Sync Shift,1,2007,2007,Speed Metal,0,False
Suzanne Martinez,1,2023,2023,Indie Folk,0,False
Steven Goodman,1,2023,2023,Oceanus Folk,0,True
Susanna Raimondi,1,2026,2026,Synthwave,0,False
Susan Wong,1,2018,2018,Dream Pop,0,False
Susan Da Silva,1,2038,2038,Oceanus Folk,0,True
Susan Anderson,1,2017,2017,Indie Folk,0,False
Surveillance,1,2024,2024,Jazz Surf Rock,0,False
Subtle Noise,1,2020,2020,Psychedelic Rock,0,False
Stormheart,1,2025,2025,Jazz Surf Rock,0,False
Steven Keller,1,2020,2020,Dream Pop,0,False
Steven Hobbs,1,2026,2026,Darkwave,0,False
Lisa Hofmann,1,2023,2023,Oceanus Folk,0,True
Lei Lai,1,2027,2027,Desert Rock,0,False
Lindsey Simpson,1,2013,2013,Indie Folk,0,False
David Higgins,1,2024,2024,Psychedelic Rock,0,False
Devansh Divan,1,2029,2029,Darkwave,0,False
Derek Smith,1,2020,2020,Dream Pop,0,False
Derek Cline,1,2029,2029,Darkwave,0,False
Dennis Bass,1,2030,2030,Americana,0,False
Denise Perez,1,2020,2020,Indie Rock,0,False
Denise Knight,1,1997,1997,Lo-Fi Electronica,0,False
Denise Bell,1,1997,1997,Alternative Rock,0,False
Debra Sims,1,2024,2024,Alternative Rock,0,False
Deborah Cruz,1,2007,2007,Southern Gothic Rock,0,False
Deborah Aguilar,1,2010,2010,Dream Pop,0,False
Debbie Mcgrath,1,2020,2020,Indie Folk,0,False
Debbie Edwards,1,2029,2029,Psychedelic Rock,0,False
Deanna Haney,1,2007,2007,Doom Metal,0,False
Dawn Gross,1,2024,2024,Psychedelic Rock,0,False
David Wilkerson,1,2010,2010,Indie Pop,0,False
David Wilcox,1,1998,1998,Indie Pop,0,False
David Silva,1,2018,2018,Americana,0,False
David Reese,1,2020,2020,Indie Rock,0,False
David Mueller,1,2024,2024,Psychedelic Rock,0,False
David Moore,1,2004,2004,Psychedelic Rock,0,False
David Lopez,1,2004,2004,Doom Metal,0,False
Dhanuk Hari,1,2007,2007,Speed Metal,0,False
Dhruv Mall,1,2022,2022,Indie Folk,0,False
Diana Johnson,1,2023,2023,Americana,0,False
Douglas Lewis,1,2012,2012,Jazz Surf Rock,0,False
Elizabeth Brown,1,2015,2015,Dream Pop,0,False
Elisabet Manola Aguirre Solís,1,1999,1999,Southern Gothic Rock,0,False
Elena Olivera Agudo,1,2039,2039,Psychedelic Rock,0,False
Elakshi Venkataraman,1,2029,2029,Jazz Surf Rock,0,False
Ekkehard Förster,1,2023,2023,Avant-Garde Folk,0,False
Edward Kraushaar,1,1997,1997,Indie Rock,0,False
Edward Clark,1,2017,2017,Indie Folk,0,False
Echo Syntax,1,2013,2013,Synthwave,0,False
Drew Green,1,2029,2029,Dream Pop,0,False
Dora Säuberlich,1,2018,2018,Jazz Surf Rock,0,False
Diana Lledó Colomer,1,2016,2016,Alternative Rock,0,False
Donna Davidson,1,2024,2024,Psychedelic Rock,0,False
Donald Oliver,1,2001,2001,Doom Metal,0,False
Donald Medina,1,2023,2023,Oceanus Folk,0,True
Dominic Phillips,1,2023,2023,Dream Pop,0,False
Dolores Tasso,1,2025,2025,Dream Pop,0,False
Divit Srinivas,1,2026,2026,Americana,0,False
Dionigi Granatelli,1,2010,2010,Speed Metal,0,False
Dierk Bohlander,1,2027,2027,Southern Gothic Rock,0,False
Diane Dunn,1,2012,2012,Darkwave,0,False
David Jenkins,1,2017,2017,Indie Folk,0,False
David Hernandez,1,2017,2017,Space Rock,0,False
Giuliana Costanzi,1,2027,2027,Synthwave,0,False
Darlene Galloway,1,2024,2024,Dream Pop,0,False
Cory Carr,1,2023,2023,Psychedelic Rock,0,False
Coriolano Riccati,1,2024,2024,Psychedelic Rock,0,False
Corinne du Bazin,1,2022,2022,Doom Metal,0,False
Concepción Ripoll,1,2027,2027,Synthwave,0,False
Colleen Sandoval,1,2018,2018,Dream Pop,0,False
Collective Conscience,1,2010,2010,Doom Metal,0,False
Cody Lopez,1,2029,2029,Symphonic Metal,0,False
Clayton Harper,1,2021,2021,Indie Folk,0,False
Clara Weitzel,1,2027,2027,Synthwave,0,False
Cipriano Navone,1,2024,2024,Darkwave,0,False
Christy Lewis,1,2020,2020,Indie Folk,0,False
Christopher Young,1,2010,2010,Dream Pop,0,False
Christopher Wood,1,2010,2010,Dream Pop,0,False
Christopher Wilcox,1,2020,2020,Indie Folk,0,False
Christopher Thomas,1,2000,2000,Dream Pop,0,False
Christopher Smith,1,2014,2014,Dream Pop,0,False
Christopher Richards,1,2029,2029,Dream Pop,0,False
Christopher Reed,1,2007,2007,Indie Rock,0,False
Christopher Long,1,2028,2028,Dream Pop,0,False
Christopher Lee,1,2012,2012,Southern Gothic Rock,0,False
Christopher Humphrey,1,1999,1999,Speed Metal,0,False
Cosmic Drift,1,2029,2029,Oceanus Folk,0,True
Courtney Bennett,1,2024,2024,Dream Pop,0,False
Courtney Castillo,1,2019,2019,Dream Pop,0,False
Daniel Aubert-Brunet,1,2028,2028,Dream Pop,0,False
Darlene Chase,1,2017,2017,Indie Folk,0,False
Dariusz Trupp,1,2024,2024,Dream Pop,0,False
Daria Boucsein,1,2010,2010,Indie Folk,0,False
Danielle Martin,1,2025,2025,Psychedelic Rock,0,False
Daniel Watson,1,2026,2026,Speed Metal,0,False
Daniel Smith,1,1987,1987,Alternative Rock,0,False
Daniel Mitchell,1,2029,2029,Jazz Surf Rock,0,False
Daniel Lyons,1,2014,2014,Dream Pop,0,False
Daniel Johnson,1,2018,2018,Dream Pop,0,False
Dana Perkins,1,2010,2010,Dream Pop,0,False
Crimson Harvest,1,2026,2026,Indie Folk,0,False
Dana Patterson,1,2027,2027,Indie Rock,0,False
Damini Datta,1,2017,2017,Indie Folk,0,False
Cécile Meyer,1,2019,2019,Space Rock,0,False
Cynthia Reed,1,2004,2004,Doom Metal,0,False
Cynthia Murphy,1,2020,2020,Dream Pop,0,False
Cynthia Monroe,1,2026,2026,Indie Folk,0,False
Curtis Doyle,1,2029,2029,Dream Pop,0,False
Curtis Cooper,1,2029,2029,Dream Pop,0,False
Cristina Williams,1,2024,2024,Doom Metal,0,False
Elizabeth Flores,1,1984,1984,Indie Folk,0,False
Elizabeth Garcia,1,2029,2029,Dream Pop,0,False
Elizabeth Myers,1,2023,2023,Southern Gothic Rock,0,False
Elizabeth Nguyen,1,2010,2010,Dream Pop,0,False
Gang Shao,1,2004,2004,Synthwave,0,False
Gang Qian,1,2030,2030,Dream Pop,0,False
Gang Kong,1,2018,2018,Lo-Fi Electronica,0,False
Gang Kang,1,2013,2013,Dream Pop,0,False
Gang Jia,1,2025,2025,Americana,0,False
Gang Hou,1,2026,2026,Space Rock,0,False
Gang Han,1,2022,2022,Dream Pop,0,False
Gang Fang,1,2025,2025,Dream Pop,0,False
Gang Du,1,2027,2027,Space Rock,0,False
Gang Cao,1,2009,2009,Indie Rock,0,False
Gang Bai,1,2013,2013,Synthwave,0,False
Gaja Powierża,1,2013,2013,Alternative Rock,0,False
Gail Nguyen,1,2029,2029,Dream Pop,0,False
Gabriel Nash,1,2033,2033,Synthwave,0,False
Gabriel Malon,1,2009,2009,Alternative Rock,0,False
Fulvio Comisso,1,2019,2019,Indie Folk,0,False
Frédéric de la Coulon,1,2010,2010,Doom Metal,0,False
Frau Melissa Neuschäfer,1,2026,2026,Doom Metal,0,False
Franck du Mercier,1,2027,2027,Dream Pop,0,False
Franck Hernandez Le Leclerc,1,2017,2017,Indie Folk,0,False
Francesco Lachmann-Ruppert,1,2004,2004,Doom Metal,0,False
Gang Tang,1,2013,2013,Synthwave,0,False
Gang Wan,1,2014,2014,Psychedelic Rock,0,False
Gang Xiang,1,2010,2010,Synthwave,0,False
Georges Chrétien,1,2017,2017,Oceanus Folk,0,True
Giorgia Norbiato,1,2010,2010,Alternative Rock,0,False
Gino Michelangeli,1,2023,2023,Indie Rock,0,False
Gina Miller,1,2030,2030,Americana,0,False
Gina Cooper,1,2020,2020,Dream Pop,0,False
Giesela Kuhl,1,2020,2020,Doom Metal,0,False
Gianfrancesco Merisi,1,2027,2027,Synthwave,0,False
Giacinto Maderna,1,2010,2010,Alternative Rock,0,False
Gerold Mangold,1,2026,2026,Doom Metal,0,False
Gerlind Sager-Ortmann,1,2029,2029,Dream Pop,0,False
Georges Besnard,1,1997,1997,Indie Folk,0,False
Gang Yang,1,2022,2022,Dream Pop,0,False
George Russell,1,2027,2027,Darkwave,0,False
George Bailey,1,2026,2026,Alternative Rock,0,False
Gemma Gentilini,1,2023,2023,Dream Pop,0,False
Gatik Soni,1,2026,2026,Jazz Surf Rock,0,False
Gary White,1,2024,2024,Dream Pop,0,False
Garrett Dixon,1,2027,2027,Indie Rock,0,False
Gang Yin,1,2013,2013,Darkwave,0,False
Gang Ye,1,2026,2026,Dream Pop,0,False
Gang Yao,1,2008,2008,Indie Rock,0,False
Fractured Mirrors,1,2007,2007,Americana,0,False
Final Order,1,2024,2024,Doom Metal,0,False
Femke Mulder,1,2014,2014,Psychedelic Rock,0,False
Erica Hernandez,1,2016,2016,Darkwave,0,False
Evelien Becht-Versluijs,1,2031,2031,Alternative Rock,0,False
Eva-Maria Killer,1,2024,2024,Psychedelic Rock,0,False
Eulalia Patiño Ballester,1,2018,2018,Dream Pop,0,False
Eugene Henderson,1,2017,2017,Desert Rock,0,False
Ethereal Chorus,1,2013,2013,Indie Folk,0,False
Erin Welch,1,2033,2033,Synthwave,0,False
Erin Fox,1,2024,2024,Synthwave,0,False
Erika Martin,1,2017,2017,Indie Folk,0,False
Erica Herrera,1,2015,2015,Americana,0,False
Eric King,1,2029,2029,Psychedelic Rock,0,False
Ewa Kucz,1,2016,2016,Alternative Rock,0,False
Erdogan Baum,1,2013,2013,Dream Pop,0,False
Erdmute Hermann-Karge,1,2010,2010,Indie Folk,0,False
Enno Reinhardt,1,2004,2004,Blues Rock,0,False
Emily Johnson,1,2024,2024,Indie Rock,0,False
Emily Black,1,2021,2021,Indie Folk,0,False
Emilio Missoni,1,2025,2025,Dream Pop,0,False
Elwira Heuser,1,1991,1991,Dream Pop,0,False
Elmo Calbo,1,2020,2020,Indie Rock,0,False
Elizabeth Saunders,1,2013,2013,Dream Pop,0,False
Evie Feenstra,1,2023,2023,Dream Pop,0,False
Ewa Zwara,1,1997,1997,Indie Folk,0,False
Felicia Walton,1,2024,2024,Dream Pop,0,False
Fang Wu,1,2025,2025,Jazz Surf Rock,0,False
Federigo Satta,1,2025,2025,Dream Pop,0,False
Fateh Dube,1,2029,2029,Darkwave,0,False
Fang Zhou,1,2007,2007,Indie Folk,0,False
Fang Yu,1,2019,2019,Space Rock,0,False
Fang Yi,1,2020,2020,Dream Pop,0,False
Fang Yao,1,2023,2023,Doom Metal,0,False
Fang Yan,1,2018,2018,Jazz Surf Rock,0,False
Fang Xiong,1,2030,2030,Desert Rock,0,False
Fang Xiang,1,2025,2025,Dream Pop,0,False
Fang Wei,1,2021,2021,Americana,0,False
Fang Bai,1,2014,2014,Lo-Fi Electronica,0,False
Fang Tian,1,2025,2025,Dream Pop,0,False
Fang Peng,1,2029,2029,Dream Pop,0,False
Fang Pan,1,2028,2028,Dream Pop,0,False
Fang Mao,1,2004,2004,Synthwave,0,False
Fang Ma,1,2023,2023,Indie Folk,0,False
Fang Lin,1,2016,2016,Doom Metal,0,False
Fang Hou,1,2028,2028,Symphonic Metal,0,False
Fang Feng,1,2030,2030,Dream Pop,0,False
Fang Cui,1,2036,2036,Indie Folk,0,False
Christophe-Émile Grégoire,1,2017,2017,Oceanus Folk,0,True
Christine Ward,1,2023,2023,Oceanus Folk,0,True
Christine Jennings,1,2017,2017,Synthwave,0,False
Auguste-Alexandre Delattre,1,2017,2017,Indie Folk,0,False
Annelise Berger,1,2023,2023,Dream Pop,0,False
Annegrete Röhrdanz,1,2017,2017,Synthwave,0,False
Anne Verwoert-Slagmolen,1,2023,2023,Synthwave,0,False
Anne Frederick,1,2026,2026,Doom Metal,0,False
Anna Glass,1,2024,2024,Dream Pop,0,False
Anja Niemeier,1,2025,2025,Symphonic Metal,0,False
Anita Hamerla,1,2009,2009,Alternative Rock,0,False
Angelita Belda Enríquez,1,2020,2020,Psychedelic Rock,0,False
Angela Hernandez,1,2015,2015,Dream Pop,0,False
Angela Greene,1,2027,2027,Post-Apocalyptic Folk,0,False
Andrew Williams,1,2017,2017,Southern Gothic Rock,0,False
Andrew Peters,1,2017,2017,Doom Metal,0,False
Andrew Martin,1,2013,2013,Indie Folk,0,False
Andrew Coleman,1,2025,2025,Dream Pop,0,False
Anaïs Wagner,1,2013,2013,Dream Pop,0,False
Anaya Butala,1,1992,1992,Southern Gothic Rock,0,False
Anay Boase,1,2026,2026,Americana,0,False
Anastazja Brózda,1,1997,1997,Dream Pop,0,False
Anahi Buch,1,2029,2029,Symphonic Metal,0,False
Ana Wilson,1,2025,2025,Dream Pop,0,False
Ana Sager,1,2017,2017,Space Rock,0,False
Annunziata Bertoli-Ruberto,1,2023,2023,Southern Gothic Rock,0,False
Annunziata Trezzini,1,2019,2019,Indie Folk,0,False
Anouk Carre,1,1997,1997,Darkwave,0,False
Arctic Scholars,1,2024,2024,Indie Rock,0,False
Audrey Johnson,1,2022,2022,Indie Folk,0,False
Atenulf Pigafetta,1,2024,2024,Darkwave,0,False
Astrid Lecoq,1,2004,2004,Blues Rock,0,False
Ashley Williams,1,2016,2016,Space Rock,0,False
Ashley Waters,1,2010,2010,Indie Folk,0,False
Ashley Hernandez,1,2023,2023,Psychedelic Rock,0,False
Ashley Castillo,1,1994,1994,Indie Folk,0,False
Ashley Brooks,1,2023,2023,Indie Folk,0,False
Arhaan Batta,1,2024,2024,Dream Pop,0,False
Archipelago,1,2027,2027,Synthwave,0,False
Anthony Davis,1,2024,2024,Dream Pop,0,False
Apolonia Chlebda,1,1997,1997,Avant-Garde Folk,0,False
Antonio Schroeder,1,2015,2015,Americana,0,False
Antonio Morse,1,2023,2023,Southern Gothic Rock,0,False
Anthony Smith,1,2017,2017,Dream Pop,0,False
Anthony Silva,1,2029,2029,Desert Rock,0,False
Anthony Salas,1,2027,2027,Post-Apocalyptic Folk,0,False
Anthony Hancock,1,2026,2026,Dream Pop,0,False
Anthony Garcia,1,2017,2017,Indie Folk,0,False
Anthony Frost,1,2023,2023,Americana,0,False
Amélie Peltier,1,2014,2014,Indie Rock,0,False
Amy Ramos,1,2027,2027,Indie Rock,0,False
Amy Lee,1,2007,2007,Indie Rock,0,False
Akemi Sato,1,2010,2010,Indie Folk,0,False
Alexa Albers-Säuberlich,1,2023,2023,Doom Metal,0,False
Alexa Adolph,1,2017,2017,Psychedelic Rock,0,False
Alex Smith,1,2026,2026,Darkwave,0,False
Alex Leblanc,1,1997,1997,Darkwave,0,False
Alex Halama,1,1997,1997,Dream Pop,0,False
Aleksander Grześków,1,2028,2028,Jazz Surf Rock,0,False
Alan Mcclain,1,2016,2016,Space Rock,0,False
Alan Clark,1,2013,2013,Indie Folk,0,False
Alain Delannoy,1,2020,2020,Doom Metal,0,False
Akemi Nakajima,1,2015,2015,Alternative Rock,0,False
Alfons Rudolph-Holzapfel,1,2009,2009,Doom Metal,0,False
Adrienne Bouchet,1,2019,2019,Space Rock,0,False
Adrian Miller,1,2010,2010,Dream Pop,0,False
Adrian Jeszka,1,2018,2018,Dream Pop,0,False
Adrian Carroll,1,1997,1997,Southern Gothic Rock,0,False
Adrian Blevins,1,2029,2029,Desert Rock,0,False
Adira Bhagat,1,2022,2022,Psychedelic Rock,0,False
Adam Davis,1,2020,2020,Avant-Garde Folk,0,False
Adam Arnold,1,2023,2023,Dream Pop,0,False
Abigaíl del Franch,1,2039,2039,Psychedelic Rock,0,False
Alexander Jenkins,1,2001,2001,Alternative Rock,0,False
Alfonso Albero Cervera,1,2027,2027,Synthwave,0,False
Amy Gonzalez,1,2020,2020,Dream Pop,0,False
Amanda Hill,1,2024,2024,Lo-Fi Electronica,0,False
Amico Luciani,1,2020,2020,Indie Rock,0,False
Amber Huff,1,2027,2027,Alternative Rock,0,False
Amber Allen,1,2009,2009,Indie Rock,0,False
Amanda Tucker,1,2028,2028,Dream Pop,0,False
Amanda Powell,1,2025,2025,Southern Gothic Rock,0,False
Amanda Moore,1,2027,2027,Darkwave,0,False
Amanda Mcdonald,1,2012,2012,Jazz Surf Rock,0,False
Amanda Marquez,1,2009,2009,Avant-Garde Folk,0,False
Amanda Lee,1,2017,2017,Synthwave,0,False
Amanda Brock,1,2004,2004,Psychedelic Rock,0,False
Alfonso Bähr,1,2023,2023,Dream Pop,0,False
Amalia Tartaglia,1,2021,2021,Blues Rock,0,False
Alois Jäntsch-Hecker,1,2020,2020,Dream Pop,0,False
Allen Smith,1,2027,2027,Indie Rock,0,False
Alisha Fuller,1,2010,2010,Dream Pop,0,False
Alicia Koch,1,2017,2017,Space Rock,0,False
Alicia Jordan,1,2023,2023,Indie Folk,0,False
Alicia Heinz,1,2004,2004,Blues Rock,0,False
Alfredo Roth,1,2010,2010,Speed Metal,0,False
Alfred Tschentscher,1,1994,1994,Indie Pop,0,False
Audrey-Camille Nicolas,1,2023,2023,Southern Gothic Rock,0,False
Aurora Alboni,1,2024,2024,Psychedelic Rock,0,False
Christine Anderson,1,2023,2023,Psychedelic Rock,0,False
Austin Perez,1,2010,2010,Indie Folk,0,False
Chao Qiu,1,2028,2028,Space Rock,0,False
Chao Qin,1,2028,2028,Space Rock,0,False
Chao Lu,1,2037,2037,Oceanus Folk,0,True
Chao Li,1,2028,2028,Space Rock,0,False
Chao Lai,1,2014,2014,Psychedelic Rock,0,False
Chao Huang,1,2013,2013,Desert Rock,0,False
Chao Fang,1,2028,2028,Darkwave,0,False
Chao Duan,1,2025,2025,Doom Metal,0,False
Chao Chang,1,2029,2029,Dream Pop,0,False
Chao Cai,1,2014,2014,Dream Pop,0,False
Chao Bai,1,2024,2024,Psychedelic Rock,0,False
Chad Livingston,1,2007,2007,Doom Metal,0,False
Chad Gonzales,1,2010,2010,Indie Folk,0,False
Chad Booker,1,2033,2033,Synthwave,0,False
Cayetana Bernal-Ocaña,1,2027,2027,Synthwave,0,False
Cato van Holland,1,2014,2014,Psychedelic Rock,0,False
Catherine Brooks,1,2022,2022,Dream Pop,0,False
Catherine Bolton,1,2025,2025,Jazz Surf Rock,0,False
Casey Price,1,2013,2013,Synthwave,0,False
Cas Everde,1,2027,2027,Dream Pop,0,False
Carrie Perry,1,2020,2020,Dream Pop,0,False
Chao Shi,1,2028,2028,Symphonic Metal,0,False
Chao Wan,1,2028,2028,Dream Pop,0,False
Chao Xia,1,2029,2029,Alternative Rock,0,False
Chelsea Martinez,1,2007,2007,Doom Metal,0,False
Christiane Langlois,1,2017,2017,Indie Folk,0,False
Christian Mcpherson,1,2005,2005,Speed Metal,0,False
Chris Ward,1,2023,2023,Dream Pop,0,False
Chris Tate,1,2028,2028,Jazz Surf Rock,0,False
Cheryl Walker,1,2026,2026,Indie Folk,0,False
Cheryl Delgado,1,2021,2021,Synthwave,0,False
Cheryl Carter,1,2024,2024,Americana,0,False
Chelsea Young,1,2027,2027,Indie Rock,0,False
Chelsea Paul,1,2029,2029,Symphonic Metal,0,False
Charo Cañas Saez,1,2027,2027,Synthwave,0,False
Chao Xu,1,2025,2025,Jazz Surf Rock,0,False
Charles Wallace,1,2014,2014,Alternative Rock,0,False
Chao Zhu,1,2024,2024,Psychedelic Rock,0,False
Chao Zhong,1,2025,2025,Americana,0,False
Chao Zhang,1,2025,2025,Americana,0,False
Chao Zeng,1,2007,2007,Indie Folk,0,False
Chao Ye,1,2029,2029,Symphonic Metal,0,False
Chao Yao,1,2029,2029,Jazz Surf Rock,0,False
Chao Yang,1,2026,2026,Dream Pop,0,False
Chao Yan,1,2026,2026,Space Rock,0,False
Carolyn Schultz,1,2024,2024,Lo-Fi Electronica,0,False
Caroline King,1,2005,2005,Speed Metal,0,False
Carol Hanna,1,2031,2031,Psychedelic Rock,0,False
Bertrand-Robert Duval,1,2027,2027,Emo/Pop Punk,0,False
Brandi Daugherty,1,2024,2024,Psychedelic Rock,0,False
Blake Melton,1,2007,2007,Dream Pop,0,False
Birthe Täsche,1,2007,2007,Doom Metal,0,False
Billy Tyler,1,2019,2019,Dream Pop,0,False
Biju Swamy,1,2029,2029,Jazz Surf Rock,0,False
Bibi Vos,1,2014,2014,Psychedelic Rock,0,False
Bethany Thompson,1,2020,2020,Dream Pop,0,False
Beth Gray,1,2020,2020,Indie Rock,0,False
Beth Carpenter,1,2010,2010,Doom Metal,0,False
Bertram Hübel,1,2023,2023,Darkwave,0,False
Brandon Griffith,1,2024,2024,Synthwave,0,False
Bernfried Stolze,1,2004,2004,Doom Metal,0,False
Benjamin Mercer,1,2036,2036,Space Rock,0,False
Benjamin Lee,1,2023,2023,Synthwave,0,False
Benjamin Dupuis-Lévy,1,2020,2020,Doom Metal,0,False
Bekir Bruder,1,2017,2017,Indie Folk,0,False
Barbara Weitzel,1,2029,2029,Dream Pop,0,False
Barbara Smith,1,2021,2021,Synthwave,0,False
Balkan Prisms,1,2000,2000,Dream Pop,0,False
Austin Robinson,1,2024,2024,Dream Pop,0,False
Brandi Noble,1,2024,2024,Synthwave,0,False
Brandon Kirby,1,2026,2026,Dream Pop,0,False
Carlos Townsend,1,2023,2023,Dream Pop,0,False
Bryan Laffray-Recers,1,2027,2027,Synthwave,0,False
Carlos Franco,1,2017,2017,Synthwave,0,False
Carlos Anderson,1,2027,2027,Darkwave,0,False
Carlo Altera,1,2025,2025,Dream Pop,0,False
Carla Holden,1,2028,2028,Post-Apocalyptic Folk,0,False
Carl Osborne,1,2024,2024,Dream Pop,0,False
Cardboard Twenty-Five,1,2023,2023,Indie Folk,0,False
Calvin Kemp,1,1994,1994,Blues Rock,0,False
Caleb Hunter,1,2029,2029,Psychedelic Rock,0,False
Bryan Richardson,1,2020,2020,Dream Pop,0,False
Brooke Ortiz,1,2017,2017,Indie Folk,0,False
Brandon Roman,1,2028,2028,Dream Pop,0,False
Brooke Olson,1,2033,2033,Blues Rock,0,False
Brittany Oliver,1,2025,2025,Dream Pop,0,False
Brittany Mueller,1,2023,2023,Darkwave,0,False
Brian Morales,1,2017,2017,Synthwave,0,False
Brett Bond,1,2017,2017,Blues Rock,0,False
Breanna Wright,1,2000,2000,Indie Rock,0,False
Breanna Neal,1,2024,2024,Dream Pop,0,False
Brass Horizon Ensemble,1,2009,2009,Alternative Rock,0,False
Brandon Vasquez,1,2023,2023,Southern Gothic Rock,0,False
Giovanna Tirabassi,1,2025,2025,Dream Pop,0,False
Glenn Lewis,1,2010,2010,Indie Rock,0,False
Lindsay Nichols,1,1992,1992,Alternative Rock,0,False
Jun Cui,1,2027,2027,Darkwave,0,False
Jun Ye,1,2024,2024,Doom Metal,0,False
Jun Yao,1,2029,2029,Darkwave,0,False
Jun Xia,1,2004,2004,Psychedelic Rock,0,False
Jun Sun,1,2029,2029,Alternative Rock,0,False
Jun Qiao,1,2015,2015,Americana,0,False
Jun Meng,1,2006,2006,Dream Pop,0,False
Jun Mao,1,2015,2015,Indie Folk,0,False
Jun Ma,1,2026,2026,Darkwave,0,False
Jun Liu,1,2025,2025,Desert Rock,0,False
Jun Liao,1,2028,2028,Symphonic Metal,0,False
Jun Li,1,2007,2007,Dream Pop,0,False
Jun Kong,1,2013,2013,Desert Rock,0,False
Jun Huang,1,2028,2028,Dream Pop,0,False
Jun Hao,1,2030,2030,Americana,0,False
Jun Han,1,2020,2020,Dream Pop,0,False
Jun Guo,1,2028,2028,Dream Pop,0,False
Jun Gu,1,2017,2017,Desert Rock,0,False
Jun Gao,1,2025,2025,Dream Pop,0,False
Jun Feng,1,2028,2028,Dream Pop,0,False
Jun Fan,1,2023,2023,Americana,0,False
Jun Ding,1,2012,2012,Darkwave,0,False
Jun Yu,1,2023,2023,Dream Pop,0,False
Jun Zheng,1,2029,2029,Dream Pop,0,False
Jun Zhou,1,2004,2004,Synthwave,0,False
Kari Dillon,1,2033,2033,Synthwave,0,False
Kathy Johnson,1,2016,2016,Darkwave,0,False
Kathleen Sutton,1,2024,2024,Dream Pop,0,False
Kathleen Carroll,1,2017,2017,Space Rock,0,False
Katherine Wang,1,1984,1984,Jazz Surf Rock,0,False
Kashvi Dhillon,1,2018,2018,Dream Pop,0,False
Karla Säuberlich-Reichmann,1,2010,2010,Doom Metal,0,False
Karina Hess,1,2010,2010,Doom Metal,0,False
Karina Bąbel,1,2017,2017,Southern Gothic Rock,0,False
Kari Harvey,1,2030,2030,Americana,0,False
Karen Schultz,1,2020,2020,Indie Folk,0,False
Jun Zou,1,2020,2020,Lo-Fi Electronica,0,False
Karen Munoz,1,2029,2029,Dream Pop,0,False
Karen Graham,1,2028,2028,Darkwave,0,False
Kamila Ornat,1,1997,1997,Avant-Garde Folk,0,False
Kaitlyn Warren,1,1997,1997,Indie Folk,0,False
Kaira Dutt,1,2026,2026,Americana,0,False
Kai Reynolds,1,2030,2030,Oceanus Folk,0,True
Jörg-Peter Hecker,1,2014,2014,Dream Pop,0,False
Justin Mcclain,1,2016,2016,Space Rock,0,False
Justin Berry,1,2017,2017,Oceanus Folk,0,True
Jun Deng,1,2029,2029,Dream Pop,0,False
Jun Chang,1,2020,2020,Symphonic Metal,0,False
Godofredo Franch Sanabria,1,2017,2017,Space Rock,0,False
Jun Cai,1,2022,2022,Doom Metal,0,False
Juan Gong,1,2027,2027,Americana,0,False
Juan Fan,1,2013,2013,Dream Pop,0,False
Juan Du,1,2024,2024,Synthwave,0,False
Juan Dong,1,2028,2028,Symphonic Metal,0,False
Juan Cao,1,2018,2018,Space Rock,0,False
Juan Cai,1,2026,2026,Synthpop,0,False
Joyce Jackson,1,2018,2018,Dream Pop,0,False
Joy Blanchard,1,2029,2029,Dream Pop,0,False
Jovens Sujos,1,2007,2007,Indie Rock,0,False
Joshua Taylor,1,2017,2017,Indie Folk,0,False
Joshua Shelton,1,2017,2017,Indie Folk,0,False
Joshua Orozco,1,2023,2023,Oceanus Folk,0,True
Joshua Oneill,1,2007,2007,Indie Rock,0,False
Joshua Herring,1,2023,2023,Synthwave,0,False
Joshua Cruz,1,2024,2024,Dream Pop,0,False
Joshua Cobb,1,2023,2023,Darkwave,0,False
Joseph Walton,1,2023,2023,Psychedelic Rock,0,False
Joseph Trujillo,1,2025,2025,Desert Rock,0,False
Joseph Ramirez,1,1991,1991,Dream Pop,0,False
Joseph Preston,1,2023,2023,Darkwave,0,False
Joseph Long,1,1992,1992,Southern Gothic Rock,0,False
Juan Gu,1,2025,2025,Dream Pop,0,False
Juan Guo,1,2028,2028,Indie Folk,0,False
Juan Hao,1,2013,2013,Synthwave,0,False
Juan Zhang,1,2024,2024,Synthwave,0,False
Julita Koziarz,1,1996,1996,Synthwave,0,False
Julie van der Noot,1,2014,2014,Psychedelic Rock,0,False
Julie Thomas,1,2026,2026,Speed Metal,0,False
Julie Schatteleijn-Haack,1,2014,2014,Psychedelic Rock,0,False
Julie Graves,1,2024,2024,Dream Pop,0,False
Julie Davis,1,2020,2020,Dream Pop,0,False
Jules Paris,1,2016,2016,Darkwave,0,False
Judith Hunter,1,2029,2029,Darkwave,0,False
Juan Zhou,1,2004,2004,Synthwave,0,False
Juan Yuan,1,2025,2025,Alternative Rock,0,False
Juan Jin,1,2025,2025,Jazz Surf Rock,0,False
Juan Yu,1,2030,2030,Americana,0,False
Juan Xue,1,2028,2028,Dream Pop,0,False
Juan Wen,1,2028,2028,Space Rock,0,False
Juan Wan,1,2013,2013,Doom Metal,0,False
Juan Tao,1,2014,2014,Dream Pop,0,False
Juan Qiu,1,2016,2016,Doom Metal,0,False
Juan Qiao,1,2002,2002,Emo/Pop Punk,0,False
Juan Meng,1,2026,2026,Synthpop,0,False
Juan Lei,1,2025,2025,Dream Pop,0,False
Katrin Steckel,1,2010,2010,Indie Rock,0,False
Kay van Dooren-Bastiaense,1,2024,2024,Dream Pop,0,False
Kayla Gonzales,1,2024,2024,Dream Pop,0,False
Kayla Martinez,1,2029,2029,Dream Pop,0,False
Leo Eberth,1,2017,2017,Indie Folk,0,False
Lei Zhao,1,2020,2020,Dream Pop,0,False
Lei Yan,1,2029,2029,Dream Pop,0,False
Lei Wang,1,2020,2020,Emo/Pop Punk,0,False
Lei Tang,1,2017,2017,Doom Metal,0,False
Lei Shi,1,2030,2030,Desert Rock,0,False
Lei Shao,1,2029,2029,Symphonic Metal,0,False
Lei Qiao,1,2036,2036,Space Rock,0,False
Lei Lu,1,2026,2026,Indie Folk,0,False
Lei Liu,1,2013,2013,Darkwave,0,False
Lei Li,1,2019,2019,Indie Folk,0,False
Aaron Logan,1,2031,2031,Psychedelic Rock,0,False
Lei Jiang,1,2026,2026,Darkwave,0,False
Lei Fan,1,2023,2023,Psychedelic Rock,0,False
Lei Du,1,2013,2013,Doom Metal,0,False
Lei Dai,1,2016,2016,Doom Metal,0,False
Lei Cao,1,2028,2028,Psychedelic Rock,0,False
Lee Butler,1,2016,2016,Darkwave,0,False
Laurie Rodriguez,1,2023,2023,Americana,0,False
Laurie Campbell,1,2013,2013,Emo/Pop Punk,0,False
Laurie Anderson,1,2029,2029,Indie Rock,0,False
Leslie Moore,1,2026,2026,Speed Metal,0,False
Li Bai,1,2026,2026,Dream Pop,0,False
Li Du,1,2007,2007,Blues Rock,0,False
Li Sun,1,2036,2036,Indie Folk,0,False
Linda Santos,1,2026,2026,Darkwave,0,False
Lilo Christoph,1,2023,2023,Dream Pop,0,False
Liam de Vrome,1,2029,2029,Dream Pop,0,False
Li Zhong,1,2026,2026,Space Rock,0,False
Li Yin,1,2017,2017,Indie Folk,0,False
Li Yi,1,2025,2025,Synthwave,0,False
Li Xue,1,2031,2031,Psychedelic Rock,0,False
Li Xie,1,2013,2013,Dream Pop,0,False
Li Wu,1,2004,2004,Synthwave,0,False
Li Song,1,2036,2036,Indie Folk,0,False
Li Gao,1,2016,2016,Symphonic Metal,0,False
Li Qiu,1,1991,1991,Dream Pop,0,False
Li Mo,1,2023,2023,Psychedelic Rock,0,False
Li Lu,1,2023,2023,Dream Pop,0,False
Li Lin,1,2025,2025,Jazz Surf Rock,0,False
Li Liao,1,2025,2025,Dream Pop,0,False
Li Lai,1,2020,2020,Dream Pop,0,False
Li Kong,1,2023,2023,Doom Metal,0,False
Li Jiang,1,2016,2016,Doom Metal,0,False
Li Gu,1,2020,2020,Synthwave,0,False
Laure du Hebert,1,1997,1997,Dream Pop,0,False
Laura Stanton,1,2030,2030,Americana,0,False
Laura Sanchez,1,2023,2023,Avant-Garde Folk,0,False
Kenneth Maldonado,1,1999,1999,Speed Metal,0,False
Kimberly Roberts,1,2013,2013,Americana,0,False
Kimberly Estrada,1,2007,2007,Synthwave,0,False
Kimaya Srinivasan,1,2023,2023,Oceanus Folk,0,True
Keya Kota,1,2029,2029,Jazz Surf Rock,0,False
Kevin Pearson,1,2022,2022,Psychedelic Rock,0,False
Kevin Parker,1,2017,2017,Doom Metal,0,False
Kevin Kidd,1,2031,2031,Psychedelic Rock,0,False
Kenneth Randolph,1,2030,2030,Americana,0,False
Kenneth Moore,1,2026,2026,Darkwave,0,False
Kenneth Knight,1,2017,2017,Space Rock,0,False
Kimberly Stanton,1,2013,2013,Synthwave,0,False
Kenneth Evans,1,2029,2029,Symphonic Metal,0,False
Kendra Miller,1,2013,2013,Dream Pop,0,False
Kelly Munoz,1,2013,2013,Synthwave,0,False
Kelly Gilbert,1,2026,2026,Indie Folk,0,False
Kelly Clayton,1,2027,2027,Synthpop,0,False
Keith Larsen,1,2022,2022,Synthwave,0,False
Kazuya Matsumoto,1,2026,2026,Doom Metal,0,False
Kaylee Patrick,1,2028,2028,Dream Pop,0,False
Kayla Smith,1,2028,2028,Dream Pop,0,False
Kimberly Ross,1,2017,2017,Synthwave,0,False
Klara Bisaga,1,2028,2028,Americana,0,False
Laura Mann,1,2019,2019,Space Rock,0,False
Kristina Cowan,1,2010,2010,Synthwave,0,False
Laura Anderson,1,2028,2028,Jazz Surf Rock,0,False
Latasha Watts,1,2000,2000,Oceanus Folk,0,True
Larry Walters,1,2020,2020,Dream Pop,0,False
Lara Filippelli,1,2027,2027,Americana,0,False
Laetitia Petitjean,1,2038,2038,Oceanus Folk,0,True
Laetitia Bertrand-Becker,1,2027,2027,Synthwave,0,False
Kyle Lawrence,1,2017,2017,Oceanus Folk,0,True
Kunigunde Pechel,1,2026,2026,Indie Folk,0,False
Kristina Romero,1,2028,2028,Dream Pop,0,False
Kristin Shepard,1,2023,2023,Dream Pop,0,False
Klara Kuźnia,1,1997,1997,Indie Folk,0,False
Kristin Barber,1,2028,2028,Jazz Surf Rock,0,False
Kristin Anderson,1,2025,2025,Desert Rock,0,False
Kristi Yu,1,2004,2004,Americana,0,False
Kristi Henry,1,2026,2026,Dream Pop,0,False
Kristi Crane,1,2023,2023,Indie Rock,0,False
Kristi Bowers,1,2023,2023,Synthwave,0,False
Kristen Stanley,1,2028,2028,Dream Pop,0,False
Kristen Carlson,1,2027,2027,Indie Rock,0,False
Kornel Preś,1,2009,2009,Indie Pop,0,False
Joseph Huang,1,2024,2024,Psychedelic Rock,0,False
Joseph Contreras,1,2025,2025,Dream Pop,0,False
Joseph Choi,1,2024,2024,Psychedelic Rock,0,False
James Thomas,1,2007,2007,Psychedelic Rock,0,False
Ilona Stolze,1,2004,2004,Blues Rock,0,False
Ignatz Jüttner,1,2023,2023,Doom Metal,0,False
Ida Hentschel,1,2020,2020,Doom Metal,0,False
Hugo Visconti,1,2025,2025,Dream Pop,0,False
Hubert Oderwald,1,2023,2023,Dream Pop,0,False
Hridaan Kaur,1,2020,2020,Speed Metal,0,False
Hortense du Dijoux,1,2026,2026,Indie Folk,0,False
Hortense Peron,1,2030,2030,Doom Metal,0,False
Horst-Dieter Schleich,1,2028,2028,Dream Pop,0,False
Holly Young,1,2023,2023,Darkwave,0,False
Holly Horton,1,2017,2017,Synthwave,0,False
Hiroshi Nakamura,1,2010,2010,Indie Folk,0,False
Hex Collective,1,2023,2023,Synthwave,0,False
Herr Wolf-Rüdiger Werner,1,2023,2023,Doom Metal,0,False
Herr Heinz-Gerd Schleich,1,1997,1997,Indie Rock,0,False
Herr Folkert Vogt,1,2023,2023,Doom Metal,0,False
Hellmut Graf,1,1997,1997,Alternative Rock,0,False
Heidi Richardson,1,2026,2026,Darkwave,0,False
Heidi Bradley,1,2033,2033,Synthwave,0,False
Heidi Allen,1,2025,2025,Dream Pop,0,False
Heer Balan,1,2018,2018,Dream Pop,0,False
Immortal Spark,1,2027,2027,Alternative Rock,0,False
Inaaya Bhatia,1,2007,2007,Synthwave,0,False
Ingeborg Ullrich,1,1997,1997,Alternative Rock,0,False
Jacob Mcmahon,1,2007,2007,Doom Metal,0,False
James Li,1,2027,2027,Blues Rock,0,False
James Goodwin,1,2026,2026,Emo/Pop Punk,0,False
Jakub Dziuda,1,1997,1997,Indie Folk,0,False
Jake Bailey,1,2023,2023,Indie Folk,0,False
Jaime Watkins,1,2020,2020,Synthwave,0,False
Jaime Arrieta,1,2016,2016,Alternative Rock,0,False
Jacqueline Hörle,1,2020,2020,Indie Folk,0,False
Jacob Richards,1,2010,2010,Alternative Rock,0,False
Jacob Ramirez,1,2023,2023,Dream Pop,0,False
Jacob Grimes,1,2029,2029,Dream Pop,0,False
Insurgencia,1,2014,2014,Lo-Fi Electronica,0,False
Jacob Boyd,1,2023,2023,Avant-Garde Folk,0,False
Jacob Arnold,1,2000,2000,Oceanus Folk,0,True
Ivory Pulse,1,2024,2024,Dream Pop,0,False
Isla Quinn,1,2033,2033,Oceanus Folk,0,True
Ishaan Mahal,1,2018,2018,Dream Pop,0,False
Ise Scardino,1,2023,2023,Synthwave,0,False
Isabelle Godfrey van Alemannië,1,2023,2023,Synthwave,0,False
Isaac Joubert,1,1997,1997,Alternative Rock,0,False
Ippazio Barcella,1,2024,2024,Psychedelic Rock,0,False
Heather Lutz,1,2035,2035,Blues Rock,0,False
Heather Dalton,1,2030,2030,Alternative Rock,0,False
Harro Trapp-Caspar,1,2027,2027,Alternative Rock,0,False
Guiying Dong,1,2010,2010,Doom Metal,0,False
Guiying Qiu,1,2017,2017,Indie Rock,0,False
Guiying Qiao,1,2017,2017,Dream Pop,0,False
Guiying Peng,1,2026,2026,Blues Rock,0,False
Guiying Mao,1,2026,2026,Synthwave,0,False
Guiying Liao,1,2023,2023,Space Rock,0,False
Guiying Lai,1,2013,2013,Synthwave,0,False
Guiying Kang,1,2018,2018,Indie Rock,0,False
Guiying He,1,2028,2028,Psychedelic Rock,0,False
Guiying Han,1,2013,2013,Dream Pop,0,False
Guiying Dai,1,2025,2025,Doom Metal,0,False
Guiying Shen,1,2006,2006,Dream Pop,0,False
Guiying Cheng,1,2028,2028,Dream Pop,0,False
Guiying Chen,1,2026,2026,Dream Pop,0,False
Guiying Bai,1,2027,2027,Emo/Pop Punk,0,False
Guillaume Cohen du Leduc,1,2014,2014,Indie Rock,0,False
Gregory Wright,1,2022,2022,Symphonic Metal,0,False
Gregory Morris,1,2023,2023,Doom Metal,0,False
Gregory Frost,1,2007,2007,Americana,0,False
Graziella Saffi,1,2027,2027,Synthwave,0,False
Grant Coleman,1,2017,2017,Synthwave,0,False
Guiying Ren,1,2007,2007,Dream Pop,0,False
Guiying Tang,1,2024,2024,Synthwave,0,False
Hansjürgen Pechel,1,2009,2009,Doom Metal,0,False
Haley Williams,1,2024,2024,Dream Pop,0,False
Hansjürgen Börner,1,1996,1996,Synthwave,0,False
Hansjoachim Gieß,1,2025,2025,Symphonic Metal,0,False
Hansh Sidhu,1,2007,2007,Speed Metal,0,False
Hans-Josef Steckel-Harloff,1,2025,2025,Symphonic Metal,0,False
Hans-Joachim Seip,1,2027,2027,Jazz Surf Rock,0,False
Hans-J. Hendriks,1,2009,2009,Doom Metal,0,False
Hans Josef Haering,1,2010,2010,Indie Rock,0,False
Hannah Richards,1,2036,2036,Indie Folk,0,False
Hanako Yamaguchi,1,2026,2026,Indie Folk,0,False
Hailey Hak,1,2020,2020,Psychedelic Rock,0,False
Guiying Tao,1,2017,2017,Indie Rock,0,False
Gunhild Oderwald,1,2024,2024,Psychedelic Rock,0,False
Gundel Klapp,1,1997,1997,Indie Rock,0,False
Guiying Zhou,1,2023,2023,Psychedelic Rock,0,False
Guiying Zhong,1,2026,2026,Darkwave,0,False
Guiying Zhang,1,2007,2007,Dream Pop,0,False
Guiying Yuan,1,2017,2017,Indie Folk,0,False
Guiying Yin,1,2014,2014,Lo-Fi Electronica,0,False
Guiying Yang,1,2037,2037,Oceanus Folk,0,True
Guiying Wu,1,2029,2029,Dream Pop,0,False
James Smith,1,2017,2017,Indie Folk,0,False
James Torres,1,2024,2024,Psychedelic Rock,0,False
Joseph Buchanan,1,2024,2024,Dream Pop,0,False
Jamie Davis,1,2024,2024,Dream Pop,0,False
Jing Wei,1,2017,2017,Americana,0,False
Jing Wang,1,2013,2013,Indie Folk,0,False
Jing Tang,1,2010,2010,Doom Metal,0,False
Jing Sun,1,2023,2023,Synthwave,0,False
Jing Su,1,2023,2023,Synthwave,0,False
Jing Shi,1,2014,2014,Dream Pop,0,False
Jing Shen,1,2016,2016,Dream Pop,0,False
Jing Qiu,1,2025,2025,Synthwave,0,False
Jing Qian,1,2022,2022,Desert Rock,0,False
Jing Pan,1,2012,2012,Darkwave,0,False
Jing Meng,1,2013,2013,Desert Rock,0,False
Jing Mao,1,2036,2036,Indie Folk,0,False
Jing Ma,1,2016,2016,Symphonic Metal,0,False
Jing Liao,1,2017,2017,Dream Pop,0,False
Jing Lai,1,2023,2023,Indie Folk,0,False
Jing Jin,1,2016,2016,Dream Pop,0,False
Jing Hou,1,2022,2022,Symphonic Metal,0,False
Jing Hao,1,2026,2026,Dream Pop,0,False
Jing Han,1,2029,2029,Darkwave,0,False
Jing Duan,1,2026,2026,Darkwave,0,False
Jing Du,1,2022,2022,Dream Pop,0,False
Jing Zhang,1,2027,2027,Desert Rock,0,False
Jing Zou,1,2026,2026,Dream Pop,0,False
Jivika Keer,1,2030,2030,Americana,0,False
John Pitts,1,2007,2007,Psychedelic Rock,0,False
Jose Brown,1,2017,2017,Indie Folk,0,False
Jorge Brown,1,2013,2013,Doom Metal,0,False
Jonathan Wade,1,2007,2007,Indie Folk,0,False
Jonathan Vasquez,1,2025,2025,Psychedelic Rock,0,False
Jonathan Marquez,1,2020,2020,Doom Metal,0,False
Jon Peters,1,1997,1997,Southern Gothic Rock,0,False
Jolanda Salz,1,2010,2010,Indie Folk,0,False
John Taylor,1,2010,2010,Indie Folk,0,False
John Sanchez,1,1997,1997,Doom Metal,0,False
John Mcdonald,1,2015,2015,Americana,0,False
Jo Stewart,1,2023,2023,Indie Folk,0,False
John Hernandez,1,2017,2017,Synthwave,0,False
John Gray,1,2024,2024,Psychedelic Rock,0,False
John Garcia,1,2010,2010,Indie Folk,0,False
John Ferguson,1,2010,2010,Dream Pop,0,False
Joel Valentine,1,2024,2024,Dream Pop,0,False
Joe Taylor,1,2024,2024,Dream Pop,0,False
Joe Humphrey,1,2024,2024,Dream Pop,0,False
Jocelyn Davis,1,2013,2013,Doom Metal,0,False
Joann Johnson,1,2022,2022,Indie Folk,0,False
Jing Dong,1,2026,2026,Dream Pop,0,False
Jing Dai,1,2025,2025,Indie Rock,0,False
Jing Cui,1,2025,2025,Jazz Surf Rock,0,False
Jason Roberts,1,2028,2028,Jazz Surf Rock,0,False
Jennifer Mccoy,1,2029,2029,Darkwave,0,False
Jennifer Henderson,1,1984,1984,Indie Folk,0,False
Jennifer Ferguson,1,2022,2022,Dream Pop,0,False
Jeffrey Ward,1,2008,2008,Blues Rock,0,False
Jeffrey Munoz PhD,1,2023,2023,Synthwave,0,False
Jeffrey Middleton,1,2023,2023,Blues Rock,0,False
Jeffrey Medina,1,2029,2029,Dream Pop,0,False
Jason Weeks,1,2027,2027,Blues Rock,0,False
Jason Robles,1,2027,2027,Dream Pop,0,False
Jason Owens,1,2019,2019,Jazz Surf Rock,0,False
Jeremiah Love,1,2023,2023,Americana,0,False
Jason Mendoza,1,2029,2029,Indie Pop,0,False
Jason Garcia,1,2026,2026,Darkwave,0,False
Jasmine Nichols,1,2027,2027,Indie Rock,0,False
Jasmine Atkins,1,2017,2017,Indie Rock,0,False
Jasmine Adams,1,2022,2022,Dream Pop,0,False
Jaroslav Putz,1,2024,2024,Dream Pop,0,False
Janos Zimmer,1,1984,1984,Blues Rock,0,False
Jamie Terry,1,2024,2024,Dream Pop,0,False
Jamie Roberts,1,2013,2013,Synthwave,0,False
Jennifer Thomas,1,2024,2024,Psychedelic Rock,0,False
Jeremy Martinez,1,2028,2028,Synthwave,0,False
Jillian Salazar,1,2023,2023,Synthwave,0,False
Jie Kong,1,2028,2028,Symphonic Metal,0,False
Jie Zou,1,2024,2024,Doom Metal,0,False
Jie Zhou,1,2006,2006,Dream Pop,0,False
Jie Zheng,1,2023,2023,Indie Folk,0,False
Jie Zhang,1,2026,2026,Darkwave,0,False
Jie Yin,1,2023,2023,Americana,0,False
Jie Su,1,2023,2023,Indie Folk,0,False
Jie Peng,1,2004,2004,Dream Pop,0,False
Jie Lin,1,2026,2026,Synthwave,0,False
Jie Lai,1,2017,2017,Indie Folk,0,False
Jie Jiang,1,2029,2029,Dream Pop,0,False
Jesper Heijmans,1,2014,2014,Psychedelic Rock,0,False
Jie Jia,1,2025,2025,Doom Metal,0,False
Jie Huang,1,2025,2025,Synthwave,0,False
Jie Fang,1,2031,2031,Psychedelic Rock,0,False
Jie Du,1,2000,2000,Synthwave,0,False
Jie Cui,1,2020,2020,Synthwave,0,False
Jhanvi Krishnamurthy,1,2029,2029,Symphonic Metal,0,False
Jessica Wyatt,1,2026,2026,Doom Metal,0,False
Jessica Stewart,1,2029,2029,Dream Pop,0,False
Jessica Brown,1,2027,2027,Indie Rock,0,False
Étienne Bruneau,1,2023,2023,Southern Gothic Rock,0,False
